latitud_N,longitud_O,fecha,horario,transecto,zona,nucleo,ID_nucleo,individuo,talla_cm
21.39013,88.90838,12/05/2025,vespertino,1,supra,4,4_supra,0,0
21.39013,88.90838,12/05/2025,vespertino,1,supra,3,3_supra,0,0
21.39013,88.90838,12/05/2025,vespertino,1,supra,2,2_supra,1,2.2
21.39013,88.90838,12/05/2025,vespertino,1,supra,2,2_supra,2,3.4
21.39013,88.90838,12/05/2025,vespertino,1,supra,2,2_supra,3,2.4
21.39013,88.90838,12/05/2025,vespertino,1,supra,2,2_supra,4,1.3
21.39013,88.90838,12/05/2025,vespertino,1,supra,2,2_supra,5,5.5
21.39013,88.90838,12/05/2025,vespertino,1,supra,2,2_supra,6,5.2
21.39013,88.90838,12/05/2025,vespertino,1,supra,1,1_supra,1,1.3
21.39013,88.90838,12/05/2025,vespertino,1,supra,1,1_supra,2,4.2
21.39013,88.90838,12/05/2025,vespertino,1,inter,1,inter,1,2.5
21.39013,88.90838,12/05/2025,vespertino,1,inter,1,inter,2,5
21.39013,88.90838,12/05/2025,vespertino,1,inter,1,inter,3,2
21.39013,88.90838,12/05/2025,vespertino,1,inter,1,inter,4,4.5
21.39013,88.90838,12/05/2025,vespertino,1,inter,1,inter,5,3
21.39013,88.90838,12/05/2025,vespertino,1,inter,1,inter,6,2
21.39013,88.90838,12/05/2025,vespertino,1,inter,1,inter,7,4.3
21.39013,88.90838,12/05/2025,vespertino,1,inter,1,inter,8,7
21.39013,88.90838,12/05/2025,vespertino,1,inter,1,inter,9,1
21.39013,88.90838,12/05/2025,vespertino,1,inter,1,inter,10,3.3
21.39013,88.90838,12/05/2025,vespertino,1,inter,1,inter,11,5.3
21.39013,88.90838,12/05/2025,vespertino,1,inter,1,inter,12,6
21.39013,88.90838,12/05/2025,vespertino,1,inter,1,inter,13,2.5
21.39013,88.90838,12/05/2025,vespertino,1,inter,1,inter,14,3
21.39013,88.90838,12/05/2025,vespertino,1,inter,1,inter,15,2
21.39013,88.90838,12/05/2025,vespertino,1,inter,1,inter,16,1.5
21.39013,88.90838,12/05/2025,vespertino,1,inter,1,inter,17,1
21.39013,88.90838,12/05/2025,vespertino,1,sub,1,1_sub,1,3.4
21.39013,88.90838,12/05/2025,vespertino,1,sub,1,1_sub,2,1.4
21.39013,88.90838,12/05/2025,vespertino,1,sub,1,1_sub,3,3.6
21.39013,88.90838,12/05/2025,vespertino,1,sub,1,1_sub,4,2.5
21.39013,88.90838,12/05/2025,vespertino,1,sub,1,1_sub,5,1.3
21.39013,88.90838,12/05/2025,vespertino,1,sub,1,1_sub,6,4.8
21.39013,88.90838,12/05/2025,vespertino,1,sub,1,1_sub,7,1
21.39013,88.90838,12/05/2025,vespertino,1,sub,1,1_sub,8,1.9
21.39013,88.90838,12/05/2025,vespertino,1,sub,1,1_sub,9,11.8
21.39013,88.90838,12/05/2025,vespertino,1,sub,1,1_sub,10,5.3
21.39013,88.90838,12/05/2025,vespertino,1,sub,1,1_sub,11,5.2
21.39013,88.90838,12/05/2025,vespertino,1,sub,1,1_sub,12,1.2
21.39013,88.90838,12/05/2025,vespertino,1,sub,1,1_sub,13,2.4
21.39013,88.90838,12/05/2025,vespertino,1,sub,1,1_sub,14,6.9
21.39013,88.90838,12/05/2025,vespertino,1,sub,1,1_sub,15,13.5
21.39013,88.90838,12/05/2025,vespertino,1,sub,1,1_sub,16,2.6
21.39013,88.90838,12/05/2025,vespertino,1,sub,1,1_sub,17,1.1
21.39013,88.90838,12/05/2025,vespertino,1,sub,1,1_sub,18,8.9
21.39013,88.90838,12/05/2025,vespertino,1,sub,1,1_sub,19,4.5
21.39013,88.90838,12/05/2025,vespertino,1,sub,1,1_sub,20,3.6
21.39013,88.90838,12/05/2025,vespertino,1,sub,1,1_sub,21,3.5
21.39013,88.90838,12/05/2025,vespertino,1,sub,1,1_sub,22,2.5
21.39013,88.90838,12/05/2025,vespertino,1,sub,1,1_sub,23,5.1
21.39013,88.90838,12/05/2025,vespertino,1,sub,1,1_sub,24,2.8
21.39013,88.90838,12/05/2025,vespertino,1,sub,1,1_sub,25,3
21.39013,88.90838,12/05/2025,vespertino,1,sub,1,1_sub,26,9.5
21.39013,88.90838,12/05/2025,vespertino,1,sub,2,2_sub,1,1.1
21.39013,88.90838,12/05/2025,vespertino,1,sub,2,2_sub,2,2.2
21.39013,88.90838,12/05/2025,vespertino,1,sub,2,2_sub,3,3.1
21.39013,88.90838,12/05/2025,vespertino,1,sub,2,2_sub,4,2.5
21.39013,88.90838,12/05/2025,vespertino,1,sub,2,2_sub,5,2.2
21.39013,88.90838,12/05/2025,vespertino,1,sub,2,2_sub,6,0.9
21.39013,88.90838,12/05/2025,vespertino,1,sub,2,2_sub,7,4.3
21.39013,88.90838,12/05/2025,vespertino,1,sub,2,2_sub,8,3.6
21.39013,88.90838,12/05/2025,vespertino,1,sub,2,2_sub,9,3.2
21.39013,88.90838,12/05/2025,vespertino,1,sub,2,2_sub,10,2.9
21.39013,88.90838,12/05/2025,vespertino,1,sub,2,2_sub,11,2.9
21.39013,88.90838,12/05/2025,vespertino,1,sub,2,2_sub,12,4.7
21.39013,88.90838,12/05/2025,vespertino,1,sub,2,2_sub,13,5.2
21.39013,88.90838,12/05/2025,vespertino,1,sub,2,2_sub,14,1.2
21.39013,88.90838,12/05/2025,vespertino,1,sub,2,2_sub,15,3.6
21.39013,88.90838,12/05/2025,vespertino,1,sub,2,2_sub,16,10
21.39013,88.90838,12/05/2025,vespertino,1,sub,2,2_sub,17,6.8
21.39013,88.90838,12/05/2025,vespertino,1,sub,2,2_sub,18,1.4
21.39013,88.90838,12/05/2025,vespertino,1,sub,2,2_sub,19,0.6
21.39013,88.90838,12/05/2025,vespertino,1,sub,2,2_sub,20,3
21.39013,88.90838,12/05/2025,vespertino,1,sub,2,2_sub,21,7.4
21.39013,88.90838,12/05/2025,vespertino,1,sub,2,2_sub,22,1.9
21.39013,88.90838,12/05/2025,vespertino,1,sub,2,2_sub,23,3.9
21.39013,88.90838,12/05/2025,vespertino,1,sub,2,2_sub,24,6
21.39013,88.90838,12/05/2025,vespertino,1,sub,2,2_sub,25,5.2
21.39013,88.90838,12/05/2025,vespertino,1,sub,2,2_sub,26,8.2
21.39013,88.90838,12/05/2025,vespertino,1,sub,2,2_sub,27,5.3
21.39013,88.90838,12/05/2025,vespertino,1,sub,2,2_sub,28,5.8
21.39013,88.90838,12/05/2025,vespertino,1,sub,2,2_sub,29,2.9
21.39013,88.90838,12/05/2025,vespertino,1,sub,2,2_sub,30,3.4
21.39013,88.90838,12/05/2025,vespertino,1,sub,2,2_sub,31,3
21.39013,88.90838,12/05/2025,vespertino,1,sub,2,2_sub,32,3.7
21.39013,88.90838,12/05/2025,vespertino,1,sub,2,2_sub,33,7
21.39013,88.90838,12/05/2025,vespertino,1,sub,2,2_sub,34,7.2
21.39013,88.90838,12/05/2025,vespertino,1,sub,2,2_sub,35,4.5
21.39013,88.90838,12/05/2025,vespertino,1,sub,2,2_sub,36,2.2
21.39013,88.90838,12/05/2025,vespertino,1,sub,2,2_sub,37,5.8
21.39013,88.90838,12/05/2025,vespertino,1,sub,2,2_sub,38,3.4
21.39013,88.90838,12/05/2025,vespertino,1,sub,2,2_sub,39,2.2
21.39013,88.90838,12/05/2025,vespertino,1,sub,2,2_sub,40,2.4
21.39013,88.90838,12/05/2025,vespertino,1,sub,2,2_sub,41,3
21.39013,88.90838,12/05/2025,vespertino,1,sub,2,2_sub,42,3.1
21.39013,88.90838,12/05/2025,vespertino,1,sub,2,2_sub,43,2.5
21.39013,88.90838,12/05/2025,vespertino,1,sub,2,2_sub,44,1.9
21.39013,88.90838,12/05/2025,vespertino,1,sub,2,2_sub,45,2.4
21.39013,88.90838,12/05/2025,vespertino,1,sub,2,2_sub,46,2
21.39013,88.90838,12/05/2025,vespertino,1,sub,2,2_sub,47,0.6
21.39013,88.90838,12/05/2025,vespertino,1,sub,2,2_sub,48,2.1
21.39013,88.90838,12/05/2025,vespertino,1,sub,2,2_sub,49,1.6
21.39013,88.90838,12/05/2025,vespertino,1,sub,2,2_sub,50,1
21.39013,88.90838,12/05/2025,vespertino,1,sub,2,2_sub,51,2.7
21.39013,88.90838,12/05/2025,vespertino,1,sub,2,2_sub,52,1.2
21.39013,88.90838,12/05/2025,vespertino,1,sub,2,2_sub,53,0.7
21.39013,88.90838,12/05/2025,vespertino,1,sub,2,2_sub,54,0.7
21.39013,88.90838,12/05/2025,vespertino,1,sub,2,2_sub,55,4.6
21.39013,88.90838,12/05/2025,vespertino,1,sub,2,2_sub,56,1.5
21.39013,88.90838,12/05/2025,vespertino,1,sub,2,2_sub,57,9.5
21.39013,88.90838,12/05/2025,vespertino,1,sub,2,2_sub,58,6.2
21.39013,88.90838,12/05/2025,vespertino,1,sub,2,2_sub,59,3.8
21.39013,88.90838,12/05/2025,vespertino,1,sub,2,2_sub,60,2.4
21.39013,88.90838,12/05/2025,vespertino,1,sub,2,2_sub,61,3.7
21.39013,88.90838,12/05/2025,vespertino,1,sub,2,2_sub,62,2.1
21.39013,88.90838,12/05/2025,vespertino,1,sub,2,2_sub,63,4
21.39013,88.90838,12/05/2025,vespertino,1,sub,2,2_sub,64,4.4
21.39013,88.90838,12/05/2025,vespertino,1,sub,2,2_sub,65,3.3
21.39013,88.90838,12/05/2025,vespertino,1,sub,2,2_sub,66,3.2
21.39013,88.90838,12/05/2025,vespertino,1,sub,2,2_sub,67,9.5
21.39013,88.90838,12/05/2025,vespertino,1,sub,2,2_sub,68,2.7
21.39013,88.90838,12/05/2025,vespertino,1,sub,2,2_sub,69,2.7
21.39013,88.90838,12/05/2025,vespertino,1,sub,2,2_sub,70,13
21.39013,88.90838,12/05/2025,vespertino,1,sub,2,2_sub,71,9
21.39013,88.90838,12/05/2025,vespertino,1,sub,2,2_sub,72,2.3
21.39013,88.90838,12/05/2025,vespertino,1,sub,2,2_sub,73,3.8
21.39013,88.90838,12/05/2025,vespertino,1,sub,2,2_sub,74,3.5
21.39013,88.90838,12/05/2025,vespertino,1,sub,2,2_sub,75,0.2
21.39013,88.90838,12/05/2025,vespertino,1,sub,2,2_sub,76,6.4
21.39013,88.90838,12/05/2025,vespertino,1,sub,2,2_sub,77,2.6
21.39013,88.90838,12/05/2025,vespertino,1,sub,2,2_sub,78,3.8
21.39013,88.90838,12/05/2025,vespertino,1,sub,2,2_sub,79,3.5
21.39013,88.90838,12/05/2025,vespertino,1,sub,2,2_sub,80,2.8
21.39013,88.90838,12/05/2025,vespertino,1,sub,2,2_sub,81,6.6
21.39013,88.90838,12/05/2025,vespertino,1,sub,2,2_sub,82,2.4
21.39013,88.90838,12/05/2025,vespertino,1,sub,2,2_sub,83,4.3
21.39013,88.90838,12/05/2025,vespertino,1,sub,2,2_sub,84,3
21.39013,88.90838,12/05/2025,vespertino,1,sub,2,2_sub,85,4
21.39013,88.90838,12/05/2025,vespertino,1,sub,2,2_sub,86,2.8
21.39013,88.90838,12/05/2025,vespertino,1,sub,2,2_sub,87,1.1
21.39013,88.90838,12/05/2025,vespertino,1,sub,2,2_sub,88,2.4
21.39013,88.90838,12/05/2025,vespertino,1,sub,2,2_sub,89,3.3
21.39013,88.90838,12/05/2025,vespertino,1,sub,2,2_sub,90,2.2
21.39013,88.90838,12/05/2025,vespertino,1,sub,2,2_sub,91,1.8
21.39013,88.90838,12/05/2025,vespertino,1,sub,2,2_sub,92,1
21.39013,88.90838,12/05/2025,vespertino,1,sub,3,3_sub,0,0
21.39013,88.90838,12/05/2025,vespertino,1,sub,4,4_sub,0,0
21.39013,88.90892,12/05/2025,vespertino,2,supra,4,4_supra,0,0
21.39013,88.90892,12/05/2025,vespertino,2,supra,3,3_supra,0,0
21.39013,88.90892,12/05/2025,vespertino,2,supra,2,2_supra,1,3.8
21.39013,88.90892,12/05/2025,vespertino,2,supra,2,2_supra,2,4.6
21.39013,88.90892,12/05/2025,vespertino,2,supra,2,2_supra,3,6.9
21.39013,88.90892,12/05/2025,vespertino,2,supra,2,2_supra,4,7
21.39013,88.90892,12/05/2025,vespertino,2,supra,2,2_supra,5,10.6
21.39013,88.90892,12/05/2025,vespertino,2,supra,2,2_supra,6,1
21.39013,88.90892,12/05/2025,vespertino,2,supra,1,1_supra,1,3.8
21.39013,88.90892,12/05/2025,vespertino,2,supra,1,1_supra,2,6.2
21.39013,88.90892,12/05/2025,vespertino,2,supra,1,1_supra,3,9
21.39013,88.90892,12/05/2025,vespertino,2,inter,1,inter,1,4.5
21.39013,88.90892,12/05/2025,vespertino,2,inter,1,inter,2,6.3
21.39013,88.90892,12/05/2025,vespertino,2,inter,1,inter,3,3.5
21.39013,88.90892,12/05/2025,vespertino,2,inter,1,inter,4,4.5
21.39013,88.90892,12/05/2025,vespertino,2,inter,1,inter,5,5.7
21.39013,88.90892,12/05/2025,vespertino,2,inter,1,inter,6,4.5
21.39013,88.90892,12/05/2025,vespertino,2,inter,1,inter,7,4.5
21.39013,88.90892,12/05/2025,vespertino,2,inter,1,inter,8,4
21.39013,88.90892,12/05/2025,vespertino,2,inter,1,inter,9,3.5
21.39013,88.90892,12/05/2025,vespertino,2,inter,1,inter,10,6
21.39013,88.90892,12/05/2025,vespertino,2,inter,1,inter,11,3
21.39013,88.90892,12/05/2025,vespertino,2,inter,1,inter,12,3.5
21.39013,88.90892,12/05/2025,vespertino,2,inter,1,inter,13,5
21.39013,88.90892,12/05/2025,vespertino,2,inter,1,inter,14,2
21.39013,88.90892,12/05/2025,vespertino,2,inter,1,inter,15,2.5
21.39013,88.90892,12/05/2025,vespertino,2,inter,1,inter,16,5
21.39013,88.90892,12/05/2025,vespertino,2,inter,1,inter,17,3.3
21.39013,88.90892,12/05/2025,vespertino,2,inter,1,inter,18,3.1
21.39013,88.90892,12/05/2025,vespertino,2,inter,1,inter,19,3.9
21.39013,88.90892,12/05/2025,vespertino,2,inter,1,inter,20,2.6
21.39013,88.90892,12/05/2025,vespertino,2,inter,1,inter,21,5.5
21.39013,88.90892,12/05/2025,vespertino,2,inter,1,inter,22,6
21.39013,88.90892,12/05/2025,vespertino,2,inter,1,inter,23,4.7
21.39013,88.90892,12/05/2025,vespertino,2,inter,1,inter,24,2
21.39013,88.90892,12/05/2025,vespertino,2,inter,1,inter,25,4.5
21.39013,88.90892,12/05/2025,vespertino,2,inter,1,inter,26,2.2
21.39013,88.90892,12/05/2025,vespertino,2,inter,1,inter,27,6.5
21.39013,88.90892,12/05/2025,vespertino,2,inter,1,inter,28,1.7
21.39013,88.90892,12/05/2025,vespertino,2,inter,1,inter,29,2.8
21.39013,88.90892,12/05/2025,vespertino,2,inter,1,inter,30,3.6
21.39013,88.90892,12/05/2025,vespertino,2,inter,1,inter,31,2.1
21.39013,88.90892,12/05/2025,vespertino,2,inter,1,inter,32,3.1
21.39013,88.90892,12/05/2025,vespertino,2,inter,1,inter,33,2.5
21.39013,88.90892,12/05/2025,vespertino,2,inter,1,inter,34,2.5
21.39013,88.90892,12/05/2025,vespertino,2,inter,1,inter,35,3.4
21.39013,88.90892,12/05/2025,vespertino,2,inter,1,inter,36,4
21.39013,88.90892,12/05/2025,vespertino,2,inter,1,inter,37,8
21.39013,88.90892,12/05/2025,vespertino,2,inter,1,inter,38,3.4
21.39013,88.90892,12/05/2025,vespertino,2,inter,1,inter,39,2.1
21.39013,88.90892,12/05/2025,vespertino,2,inter,1,inter,40,2.4
21.39013,88.90892,12/05/2025,vespertino,2,inter,1,inter,41,4.7
21.39013,88.90892,12/05/2025,vespertino,2,inter,1,inter,42,7
21.39013,88.90892,12/05/2025,vespertino,2,inter,1,inter,43,3
21.39013,88.90892,12/05/2025,vespertino,2,inter,1,inter,44,2
21.39013,88.90892,12/05/2025,vespertino,2,inter,1,inter,45,2.3
21.39013,88.90892,12/05/2025,vespertino,2,inter,1,inter,46,2.5
21.39013,88.90892,12/05/2025,vespertino,2,inter,1,inter,47,4
21.39013,88.90892,12/05/2025,vespertino,2,inter,1,inter,48,2.4
21.39013,88.90892,12/05/2025,vespertino,2,inter,1,inter,49,9.2
21.39013,88.90892,12/05/2025,vespertino,2,inter,1,inter,50,2.6
21.39013,88.90892,12/05/2025,vespertino,2,inter,1,inter,51,2.9
21.39013,88.90892,12/05/2025,vespertino,2,inter,1,inter,52,3.1
21.39013,88.90892,12/05/2025,vespertino,2,inter,1,inter,53,1.5
21.39013,88.90892,12/05/2025,vespertino,2,inter,1,inter,54,2.2
21.39013,88.90892,12/05/2025,vespertino,2,inter,1,inter,55,3.6
21.39013,88.90892,12/05/2025,vespertino,2,inter,1,inter,56,3.5
21.39013,88.90892,12/05/2025,vespertino,2,inter,1,inter,57,3.7
21.39013,88.90892,12/05/2025,vespertino,2,inter,1,inter,58,2.5
21.39013,88.90892,12/05/2025,vespertino,2,inter,1,inter,59,2.5
21.39013,88.90892,12/05/2025,vespertino,2,sub,1,1_sub,1,14.9
21.39013,88.90892,12/05/2025,vespertino,2,sub,1,1_sub,2,4.6
21.39013,88.90892,12/05/2025,vespertino,2,sub,1,1_sub,3,2.8
21.39013,88.90892,12/05/2025,vespertino,2,sub,1,1_sub,4,9.5
21.39013,88.90892,12/05/2025,vespertino,2,sub,1,1_sub,5,17
21.39013,88.90892,12/05/2025,vespertino,2,sub,1,1_sub,6,10.1
21.39013,88.90892,12/05/2025,vespertino,2,sub,1,1_sub,7,11.3
21.39013,88.90892,12/05/2025,vespertino,2,sub,1,1_sub,8,8.5
21.39013,88.90892,12/05/2025,vespertino,2,sub,1,1_sub,9,10.2
21.39013,88.90892,12/05/2025,vespertino,2,sub,1,1_sub,10,12.5
21.39013,88.90892,12/05/2025,vespertino,2,sub,2,2_sub,1,1.8
21.39013,88.90892,12/05/2025,vespertino,2,sub,2,2_sub,2,5
21.39013,88.90892,12/05/2025,vespertino,2,sub,2,2_sub,3,1.5
21.39013,88.90892,12/05/2025,vespertino,2,sub,2,2_sub,4,7
21.39013,88.90892,12/05/2025,vespertino,2,sub,2,2_sub,5,2.3
21.39013,88.90892,12/05/2025,vespertino,2,sub,2,2_sub,6,1.6
21.39013,88.90892,12/05/2025,vespertino,2,sub,2,2_sub,7,4.2
21.39013,88.90892,12/05/2025,vespertino,2,sub,2,2_sub,8,4
21.39013,88.90892,12/05/2025,vespertino,2,sub,2,2_sub,9,1.8
21.39013,88.90892,12/05/2025,vespertino,2,sub,2,2_sub,10,5
21.39013,88.90892,12/05/2025,vespertino,2,sub,2,2_sub,11,3
21.39013,88.90892,12/05/2025,vespertino,2,sub,2,2_sub,12,4.4
21.39013,88.90892,12/05/2025,vespertino,2,sub,2,2_sub,13,5
21.39013,88.90892,12/05/2025,vespertino,2,sub,2,2_sub,14,5
21.39013,88.90892,12/05/2025,vespertino,2,sub,2,2_sub,15,9.6
21.39013,88.90892,12/05/2025,vespertino,2,sub,2,2_sub,16,4.3
21.39013,88.90892,12/05/2025,vespertino,2,sub,2,2_sub,17,2.2
21.39013,88.90892,12/05/2025,vespertino,2,sub,2,2_sub,18,11.8
21.39013,88.90892,12/05/2025,vespertino,2,sub,2,2_sub,19,8.4
21.39013,88.90892,12/05/2025,vespertino,2,sub,2,2_sub,20,4.5
21.39013,88.90892,12/05/2025,vespertino,2,sub,2,2_sub,21,3
21.39013,88.90892,12/05/2025,vespertino,2,sub,2,2_sub,22,5
21.39013,88.90892,12/05/2025,vespertino,2,sub,2,2_sub,23,1.5
21.39013,88.90892,12/05/2025,vespertino,2,sub,2,2_sub,24,3
21.39013,88.90892,12/05/2025,vespertino,2,sub,2,2_sub,25,2
21.39013,88.90892,12/05/2025,vespertino,2,sub,2,2_sub,26,2.3
21.39013,88.90892,12/05/2025,vespertino,2,sub,2,2_sub,27,4
21.39013,88.90892,12/05/2025,vespertino,2,sub,2,2_sub,28,3.2
21.39013,88.90892,12/05/2025,vespertino,2,sub,2,2_sub,29,8.5
21.39013,88.90892,12/05/2025,vespertino,2,sub,2,2_sub,30,2.2
21.39013,88.90892,12/05/2025,vespertino,2,sub,2,2_sub,31,2
21.39013,88.90892,12/05/2025,vespertino,2,sub,2,2_sub,32,3.8
21.39013,88.90892,12/05/2025,vespertino,2,sub,2,2_sub,33,2.7
21.39013,88.90892,12/05/2025,vespertino,2,sub,2,2_sub,34,5.4
21.39013,88.90892,12/05/2025,vespertino,2,sub,2,2_sub,35,3.4
21.39013,88.90892,12/05/2025,vespertino,2,sub,2,2_sub,36,1
21.39013,88.90892,12/05/2025,vespertino,2,sub,2,2_sub,37,1.5
21.39013,88.90892,12/05/2025,vespertino,2,sub,2,2_sub,38,2
21.39013,88.90892,12/05/2025,vespertino,2,sub,2,2_sub,39,1
21.39013,88.90892,12/05/2025,vespertino,2,sub,2,2_sub,40,3.6
21.39013,88.90892,12/05/2025,vespertino,2,sub,2,2_sub,41,3.5
21.39013,88.90892,12/05/2025,vespertino,2,sub,2,2_sub,42,4
21.39013,88.90892,12/05/2025,vespertino,2,sub,2,2_sub,43,1.3
21.39013,88.90892,12/05/2025,vespertino,2,sub,2,2_sub,44,1.3
21.39013,88.90892,12/05/2025,vespertino,2,sub,2,2_sub,45,4.4
21.39013,88.90892,12/05/2025,vespertino,2,sub,2,2_sub,46,4.2
21.39013,88.90892,12/05/2025,vespertino,2,sub,2,2_sub,47,3
21.39013,88.90892,12/05/2025,vespertino,2,sub,2,2_sub,48,3.2
21.39013,88.90892,12/05/2025,vespertino,2,sub,2,2_sub,49,5
21.39013,88.90892,12/05/2025,vespertino,2,sub,2,2_sub,1,3
21.39013,88.90892,12/05/2025,vespertino,2,sub,2,2_sub,2,2.9
21.39013,88.90892,12/05/2025,vespertino,2,sub,2,2_sub,3,4.4
21.39013,88.90892,12/05/2025,vespertino,2,sub,2,2_sub,4,5
21.39013,88.90892,12/05/2025,vespertino,2,sub,2,2_sub,5,6.2
21.39013,88.90892,12/05/2025,vespertino,2,sub,2,2_sub,6,3.1
21.39013,88.90892,12/05/2025,vespertino,2,sub,2,2_sub,7,2.3
21.39013,88.90892,12/05/2025,vespertino,2,sub,2,2_sub,8,5.6
21.39013,88.90892,12/05/2025,vespertino,2,sub,2,2_sub,9,6.1
21.39013,88.90892,12/05/2025,vespertino,2,sub,2,2_sub,10,6
21.39013,88.90892,12/05/2025,vespertino,2,sub,2,2_sub,11,1
21.39013,88.90892,12/05/2025,vespertino,2,sub,2,2_sub,12,2
21.39013,88.90892,12/05/2025,vespertino,2,sub,2,2_sub,13,3.5
21.39013,88.90892,12/05/2025,vespertino,2,sub,2,2_sub,14,4.9
21.39013,88.90892,12/05/2025,vespertino,2,sub,2,2_sub,15,1.6
21.39013,88.90892,12/05/2025,vespertino,2,sub,2,2_sub,16,3.5
21.39013,88.90892,12/05/2025,vespertino,2,sub,2,2_sub,17,2
21.39013,88.90892,12/05/2025,vespertino,2,sub,2,2_sub,18,3
21.39013,88.90892,12/05/2025,vespertino,2,sub,2,2_sub,19,4.5
21.39013,88.90892,12/05/2025,vespertino,2,sub,2,2_sub,20,1
21.39013,88.90892,12/05/2025,vespertino,2,sub,2,2_sub,21,4.2
21.39013,88.90892,12/05/2025,vespertino,2,sub,2,2_sub,22,2.7
21.39013,88.90892,12/05/2025,vespertino,2,sub,2,2_sub,23,3.2
21.39013,88.90892,12/05/2025,vespertino,2,sub,2,2_sub,24,5
21.39013,88.90892,12/05/2025,vespertino,2,sub,2,2_sub,25,1.8
21.39013,88.90892,12/05/2025,vespertino,2,sub,2,2_sub,26,3.1
21.39013,88.90892,12/05/2025,vespertino,2,sub,2,2_sub,27,3.7
21.39013,88.90892,12/05/2025,vespertino,2,sub,2,2_sub,28,1.1
21.39013,88.90892,12/05/2025,vespertino,2,sub,2,2_sub,29,1
21.39013,88.90892,12/05/2025,vespertino,2,sub,2,2_sub,30,3.4
21.39013,88.90892,12/05/2025,vespertino,2,sub,2,2_sub,31,2.5
21.39013,88.90892,12/05/2025,vespertino,2,sub,2,2_sub,32,3
21.39013,88.90892,12/05/2025,vespertino,2,sub,2,2_sub,33,1.2
21.39013,88.90892,12/05/2025,vespertino,2,sub,2,2_sub,34,1.3
21.39013,88.90892,12/05/2025,vespertino,2,sub,2,2_sub,35,2.1
21.39013,88.90892,12/05/2025,vespertino,2,sub,2,2_sub,36,1
21.39013,88.90892,12/05/2025,vespertino,2,sub,2,2_sub,37,1.2
21.39013,88.90892,12/05/2025,vespertino,2,sub,2,2_sub,38,2
21.39013,88.90892,12/05/2025,vespertino,2,sub,2,2_sub,39,2
21.39013,88.90892,12/05/2025,vespertino,2,sub,2,2_sub,1,20.1
21.39013,88.90892,12/05/2025,vespertino,2,sub,2,2_sub,2,13.5
21.39013,88.90892,12/05/2025,vespertino,2,sub,2,2_sub,3,7.9
21.39013,88.90892,12/05/2025,vespertino,2,sub,2,2_sub,4,8.1
21.39013,88.90892,12/05/2025,vespertino,2,sub,2,2_sub,5,6.2
21.39013,88.90892,12/05/2025,vespertino,2,sub,2,2_sub,6,2.6
21.39013,88.90892,12/05/2025,vespertino,2,sub,2,2_sub,7,3.9
21.39013,88.90892,12/05/2025,vespertino,2,sub,2,2_sub,8,8.7
21.39013,88.90892,12/05/2025,vespertino,2,sub,2,2_sub,9,9.4
21.39013,88.90892,12/05/2025,vespertino,2,sub,2,2_sub,10,15.7
21.39013,88.90892,12/05/2025,vespertino,2,sub,2,2_sub,11,15.3
21.39013,88.90892,12/05/2025,vespertino,2,sub,2,2_sub,12,9.8
21.39013,88.90892,12/05/2025,vespertino,2,sub,2,2_sub,13,8.4
21.39013,88.90892,12/05/2025,vespertino,2,sub,2,2_sub,14,15.6
21.39013,88.90892,12/05/2025,vespertino,2,sub,2,2_sub,15,4.9
21.39013,88.90892,12/05/2025,vespertino,2,sub,2,2_sub,16,9.4
21.39013,88.90892,12/05/2025,vespertino,2,sub,2,2_sub,17,15.6
21.39013,88.90892,12/05/2025,vespertino,2,sub,2,2_sub,18,16.5
21.39013,88.90892,12/05/2025,vespertino,2,sub,2,2_sub,19,9.4
21.39013,88.90892,12/05/2025,vespertino,2,sub,2,2_sub,20,0.5
21.39013,88.90892,12/05/2025,vespertino,2,sub,2,2_sub,21,2.6
21.39013,88.90892,12/05/2025,vespertino,2,sub,2,2_sub,22,6.6
21.39013,88.90892,12/05/2025,vespertino,2,sub,2,2_sub,23,7.2
21.39013,88.90892,12/05/2025,vespertino,2,sub,2,2_sub,24,5.5
21.39013,88.90892,12/05/2025,vespertino,2,sub,2,2_sub,25,5.6
21.39013,88.90892,12/05/2025,vespertino,2,sub,2,2_sub,26,4.8
21.39013,88.90892,12/05/2025,vespertino,2,sub,2,2_sub,27,6.6
21.39013,88.90892,12/05/2025,vespertino,2,sub,2,2_sub,28,5.6
21.39013,88.90892,12/05/2025,vespertino,2,sub,2,2_sub,29,6.5
21.39013,88.90892,12/05/2025,vespertino,2,sub,2,2_sub,30,4.5
21.39013,88.90892,12/05/2025,vespertino,2,sub,2,2_sub,31,0.6
21.39013,88.90892,12/05/2025,vespertino,2,sub,2,2_sub,32,2.1
21.39013,88.90892,12/05/2025,vespertino,2,sub,2,2_sub,33,2.4
21.39013,88.90892,12/05/2025,vespertino,2,sub,2,2_sub,34,0.5
21.39013,88.90892,12/05/2025,vespertino,2,sub,2,2_sub,35,2.7
21.39013,88.90892,12/05/2025,vespertino,2,sub,2,2_sub,36,1.4
21.39013,88.90892,12/05/2025,vespertino,2,sub,2,2_sub,37,1.3
21.39013,88.90892,12/05/2025,vespertino,2,sub,2,2_sub,38,2.7
21.39013,88.90892,12/05/2025,vespertino,2,sub,2,2_sub,39,2.8
21.39013,88.90892,12/05/2025,vespertino,2,sub,2,2_sub,40,4.1
21.39013,88.90892,12/05/2025,vespertino,2,sub,2,2_sub,41,3.5
21.39013,88.90892,12/05/2025,vespertino,2,sub,2,2_sub,42,4.5
21.39013,88.90892,12/05/2025,vespertino,2,sub,3,3_sub,0,0
21.39013,88.90892,12/05/2025,vespertino,2,sub,4,4_sub,0,0
21.39023,88.90833,14/05/2025,matutino,1,supra,4,4_supra,0,0
21.39023,88.90833,14/05/2025,matutino,1,supra,3,3_supra,0,0
21.39023,88.90833,14/05/2025,matutino,1,supra,2,2_supra,0,0
21.39023,88.90833,14/05/2025,matutino,1,supra,1,1_supra,1,4.3
21.39023,88.90833,14/05/2025,matutino,1,supra,1,1_supra,2,2.5
21.39023,88.90833,14/05/2025,matutino,1,supra,1,1_supra,3,4.7
21.39023,88.90833,14/05/2025,matutino,1,inter,1,inter,1,7.1
21.39023,88.90833,14/05/2025,matutino,1,inter,1,inter,2,8.7
21.39023,88.90833,14/05/2025,matutino,1,inter,1,inter,3,8.2
21.39023,88.90833,14/05/2025,matutino,1,inter,1,inter,4,6.6
21.39023,88.90833,14/05/2025,matutino,1,inter,1,inter,5,16
21.39023,88.90833,14/05/2025,matutino,1,inter,1,inter,6,9.4
21.39023,88.90833,14/05/2025,matutino,1,inter,1,inter,7,13.2
21.39023,88.90833,14/05/2025,matutino,1,inter,1,inter,8,12.6
21.39023,88.90833,14/05/2025,matutino,1,inter,1,inter,9,10.2
21.39023,88.90833,14/05/2025,matutino,1,inter,1,inter,10,13.5
21.39023,88.90833,14/05/2025,matutino,1,inter,1,inter,11,10
21.39023,88.90833,14/05/2025,matutino,1,inter,1,inter,12,11.2
21.39023,88.90833,14/05/2025,matutino,1,inter,1,inter,13,14.7
21.39023,88.90833,14/05/2025,matutino,1,inter,1,inter,14,15.7
21.39023,88.90833,14/05/2025,matutino,1,inter,1,inter,15,12.9
21.39023,88.90833,14/05/2025,matutino,1,inter,1,inter,16,5.1
21.39023,88.90833,14/05/2025,matutino,1,inter,1,inter,17,11.5
21.39023,88.90833,14/05/2025,matutino,1,inter,1,inter,18,10.4
21.39023,88.90833,14/05/2025,matutino,1,inter,1,inter,19,11.4
21.39023,88.90833,14/05/2025,matutino,1,inter,1,inter,20,8.4
21.39023,88.90833,14/05/2025,matutino,1,inter,1,inter,21,2.5
21.39023,88.90833,14/05/2025,matutino,1,inter,1,inter,22,10.4
21.39023,88.90833,14/05/2025,matutino,1,inter,1,inter,23,8
21.39023,88.90833,14/05/2025,matutino,1,inter,1,inter,24,13.8
21.39023,88.90833,14/05/2025,matutino,1,inter,1,inter,25,11.5
21.39023,88.90833,14/05/2025,matutino,1,inter,1,inter,26,11.9
21.39023,88.90833,14/05/2025,matutino,1,inter,1,inter,27,9.3
21.39023,88.90833,14/05/2025,matutino,1,inter,1,inter,28,9.1
21.39023,88.90833,14/05/2025,matutino,1,inter,1,inter,29,12
21.39023,88.90833,14/05/2025,matutino,1,inter,1,inter,30,11
21.39023,88.90833,14/05/2025,matutino,1,inter,1,inter,31,13.1
21.39023,88.90833,14/05/2025,matutino,1,inter,1,inter,32,13.3
21.39023,88.90833,14/05/2025,matutino,1,inter,1,inter,33,8.3
21.39023,88.90833,14/05/2025,matutino,1,inter,1,inter,34,7.7
21.39023,88.90833,14/05/2025,matutino,1,inter,1,inter,35,9.6
21.39023,88.90833,14/05/2025,matutino,1,inter,1,inter,36,5.7
21.39023,88.90833,14/05/2025,matutino,1,inter,1,inter,37,6.5
21.39023,88.90833,14/05/2025,matutino,1,inter,1,inter,38,8.4
21.39023,88.90833,14/05/2025,matutino,1,inter,1,inter,39,8.7
21.39023,88.90833,14/05/2025,matutino,1,inter,1,inter,40,3.5
21.39023,88.90833,14/05/2025,matutino,1,inter,1,inter,41,6.6
21.39023,88.90833,14/05/2025,matutino,1,inter,1,inter,42,7.2
21.39023,88.90833,14/05/2025,matutino,1,inter,1,inter,43,1.4
21.39023,88.90833,14/05/2025,matutino,1,inter,1,inter,44,6.7
21.39023,88.90833,14/05/2025,matutino,1,inter,1,inter,45,7.4
21.39023,88.90833,14/05/2025,matutino,1,inter,1,inter,46,7.5
21.39023,88.90833,14/05/2025,matutino,1,inter,1,inter,47,2.8
21.39023,88.90833,14/05/2025,matutino,1,inter,1,inter,48,6.2
21.39023,88.90833,14/05/2025,matutino,1,inter,1,inter,49,3.5
21.39023,88.90833,14/05/2025,matutino,1,inter,1,inter,50,6.3
21.39023,88.90833,14/05/2025,matutino,1,inter,1,inter,51,7.5
21.39023,88.90833,14/05/2025,matutino,1,inter,1,inter,52,5.8
21.39023,88.90833,14/05/2025,matutino,1,inter,1,inter,53,9.1
21.39023,88.90833,14/05/2025,matutino,1,inter,1,inter,54,7.4
21.39023,88.90833,14/05/2025,matutino,1,inter,1,inter,55,4
21.39023,88.90833,14/05/2025,matutino,1,inter,1,inter,56,2.7
21.39023,88.90833,14/05/2025,matutino,1,inter,1,inter,57,2.8
21.39023,88.90833,14/05/2025,matutino,1,inter,1,inter,58,4.2
21.39023,88.90833,14/05/2025,matutino,1,inter,1,inter,59,1.9
21.39023,88.90833,14/05/2025,matutino,1,inter,1,inter,60,3.8
21.39023,88.90833,14/05/2025,matutino,1,inter,1,inter,61,1.7
21.39023,88.90833,14/05/2025,matutino,1,inter,1,inter,62,5.1
21.39023,88.90833,14/05/2025,matutino,1,inter,1,inter,63,5.6
21.39023,88.90833,14/05/2025,matutino,1,inter,1,inter,64,4.1
21.39023,88.90833,14/05/2025,matutino,1,inter,1,inter,65,3.3
21.39023,88.90833,14/05/2025,matutino,1,inter,1,inter,66,5.5
21.39023,88.90833,14/05/2025,matutino,1,inter,1,inter,67,2.5
21.39023,88.90833,14/05/2025,matutino,1,inter,1,inter,68,0.9
21.39023,88.90833,14/05/2025,matutino,1,inter,1,inter,69,2.4
21.39023,88.90833,14/05/2025,matutino,1,inter,1,inter,70,1.2
21.39023,88.90833,14/05/2025,matutino,1,inter,1,inter,71,6.2
21.39023,88.90833,14/05/2025,matutino,1,inter,1,inter,72,3.9
21.39023,88.90833,14/05/2025,matutino,1,inter,1,inter,73,3.8
21.39023,88.90833,14/05/2025,matutino,1,inter,1,inter,74,3.4
21.39023,88.90833,14/05/2025,matutino,1,inter,1,inter,75,3.2
21.39023,88.90833,14/05/2025,matutino,1,sub,1,1_sub,1,7
21.39023,88.90833,14/05/2025,matutino,1,sub,1,1_sub,2,1.7
21.39023,88.90833,14/05/2025,matutino,1,sub,1,1_sub,3,6.7
21.39023,88.90833,14/05/2025,matutino,1,sub,1,1_sub,4,4.4
21.39023,88.90833,14/05/2025,matutino,1,sub,1,1_sub,5,10.2
21.39023,88.90833,14/05/2025,matutino,1,sub,1,1_sub,6,9.9
21.39023,88.90833,14/05/2025,matutino,1,sub,1,1_sub,7,1
21.39023,88.90833,14/05/2025,matutino,1,sub,1,1_sub,8,2.2
21.39023,88.90833,14/05/2025,matutino,1,sub,1,1_sub,9,8.8
21.39023,88.90833,14/05/2025,matutino,1,sub,1,1_sub,10,8.2
21.39023,88.90833,14/05/2025,matutino,1,sub,1,1_sub,11,3.6
21.39023,88.90833,14/05/2025,matutino,1,sub,1,1_sub,12,4.4
21.39023,88.90833,14/05/2025,matutino,1,sub,1,1_sub,13,3.2
21.39023,88.90833,14/05/2025,matutino,1,sub,1,1_sub,14,1.8
21.39023,88.90833,14/05/2025,matutino,1,sub,1,1_sub,15,1
21.39023,88.90833,14/05/2025,matutino,1,sub,1,1_sub,16,4.4
21.39023,88.90833,14/05/2025,matutino,1,sub,1,1_sub,17,4
21.39023,88.90833,14/05/2025,matutino,1,sub,1,1_sub,18,0.9
21.39023,88.90833,14/05/2025,matutino,1,sub,1,1_sub,19,2.9
21.39023,88.90833,14/05/2025,matutino,1,sub,1,1_sub,20,2.7
21.39023,88.90833,14/05/2025,matutino,1,sub,1,1_sub,21,3.1
21.39023,88.90833,14/05/2025,matutino,1,sub,1,1_sub,22,4.4
21.39023,88.90833,14/05/2025,matutino,1,sub,1,1_sub,23,2.6
21.39023,88.90833,14/05/2025,matutino,1,sub,1,1_sub,24,1.8
21.39023,88.90833,14/05/2025,matutino,1,sub,1,1_sub,25,2.8
21.39023,88.90833,14/05/2025,matutino,1,sub,1,1_sub,26,1.9
21.39023,88.90833,14/05/2025,matutino,1,sub,1,1_sub,27,2.3
21.39023,88.90833,14/05/2025,matutino,1,sub,1,1_sub,28,0.9
21.39023,88.90833,14/05/2025,matutino,1,sub,1,1_sub,29,2
21.39023,88.90833,14/05/2025,matutino,1,sub,1,1_sub,30,1
21.39023,88.90833,14/05/2025,matutino,1,sub,1,1_sub,31,2.2
21.39023,88.90833,14/05/2025,matutino,1,sub,1,1_sub,32,1.8
21.39023,88.90833,14/05/2025,matutino,1,sub,1,1_sub,33,1.8
21.39023,88.90833,14/05/2025,matutino,1,sub,1,1_sub,34,1.8
21.39023,88.90833,14/05/2025,matutino,1,sub,1,1_sub,35,1.5
21.39023,88.90833,14/05/2025,matutino,1,sub,1,1_sub,36,1
21.39023,88.90833,14/05/2025,matutino,1,sub,1,1_sub,37,1.1
21.39023,88.90833,14/05/2025,matutino,1,sub,1,1_sub,38,3
21.39023,88.90833,14/05/2025,matutino,1,sub,1,1_sub,1,0.4
21.39023,88.90833,14/05/2025,matutino,1,sub,1,1_sub,2,0.5
21.39023,88.90833,14/05/2025,matutino,1,sub,2,2_sub,1,1.6
21.39023,88.90833,14/05/2025,matutino,1,sub,2,2_sub,2,1.1
21.39023,88.90833,14/05/2025,matutino,1,sub,2,2_sub,3,2.2
21.39023,88.90833,14/05/2025,matutino,1,sub,2,2_sub,4,1.2
21.39023,88.90833,14/05/2025,matutino,1,sub,3,3_sub,1,0.3
21.39023,88.90833,14/05/2025,matutino,1,sub,3,3_sub,2,0.5
21.39023,88.90833,14/05/2025,matutino,1,sub,3,3_sub,3,0.4
21.39023,88.90833,14/05/2025,matutino,1,sub,3,3_sub,4,1
21.39023,88.90833,14/05/2025,matutino,1,sub,4,4_sub,1,0.4
21.39023,88.90833,14/05/2025,matutino,1,sub,4,4_sub,2,0.5
21.39023,88.90833,14/05/2025,matutino,1,sub,4,4_sub,3,0.4
21.39023,88.90833,14/05/2025,matutino,1,sub,4,4_sub,4,1
21.39023,88.90833,14/05/2025,matutino,1,sub,4,4_sub,5,1.3
21.39023,88.90781,14/05/2025,matutino,2,supra,4,4_supra,0,0
21.39023,88.90781,14/05/2025,matutino,2,supra,3,3_supra,0,0
21.39023,88.90781,14/05/2025,matutino,2,supra,2,2_supra,0,0
21.39023,88.90781,14/05/2025,matutino,2,supra,1,1_supra,1,2.1
21.39023,88.90781,14/05/2025,matutino,2,inter,1,inter,1,12
21.39023,88.90781,14/05/2025,matutino,2,inter,1,inter,2,11.4
21.39023,88.90781,14/05/2025,matutino,2,inter,1,inter,3,2.4
21.39023,88.90781,14/05/2025,matutino,2,inter,1,inter,4,0.3
21.39023,88.90781,14/05/2025,matutino,2,inter,1,inter,5,1
21.39023,88.90781,14/05/2025,matutino,2,inter,1,inter,6,2.9
21.39023,88.90781,14/05/2025,matutino,2,inter,1,inter,7,2.1
21.39023,88.90781,14/05/2025,matutino,2,inter,1,inter,8,1.5
21.39023,88.90781,14/05/2025,matutino,2,inter,1,inter,9,2.6
21.39023,88.90781,14/05/2025,matutino,2,inter,1,inter,10,6.4
21.39023,88.90781,14/05/2025,matutino,2,inter,1,inter,11,2.8
21.39023,88.90781,14/05/2025,matutino,2,inter,1,inter,12,0.7
21.39023,88.90781,14/05/2025,matutino,2,inter,1,inter,13,4.7
21.39023,88.90781,14/05/2025,matutino,2,inter,1,inter,14,1.2
21.39023,88.90781,14/05/2025,matutino,2,inter,1,inter,15,3.2
21.39023,88.90781,14/05/2025,matutino,2,inter,1,inter,16,2.2
21.39023,88.90781,14/05/2025,matutino,2,inter,1,inter,17,1
21.39023,88.90781,14/05/2025,matutino,2,inter,1,inter,18,7.5
21.39023,88.90781,14/05/2025,matutino,2,inter,1,inter,19,4.3
21.39023,88.90781,14/05/2025,matutino,2,inter,1,inter,20,1.1
21.39023,88.90781,14/05/2025,matutino,2,inter,1,inter,21,1.9
21.39023,88.90781,14/05/2025,matutino,2,inter,1,inter,22,1.5
21.39023,88.90781,14/05/2025,matutino,2,inter,1,inter,23,15.6
21.39023,88.90781,14/05/2025,matutino,2,inter,1,inter,24,5.5
21.39023,88.90781,14/05/2025,matutino,2,inter,1,inter,25,3.2
21.39023,88.90781,14/05/2025,matutino,2,inter,1,inter,26,2.5
21.39023,88.90781,14/05/2025,matutino,2,inter,1,inter,27,3
21.39023,88.90781,14/05/2025,matutino,2,inter,1,inter,28,5.7
21.39023,88.90781,14/05/2025,matutino,2,inter,1,inter,29,6.5
21.39023,88.90781,14/05/2025,matutino,2,inter,1,inter,30,2.1
21.39023,88.90781,14/05/2025,matutino,2,inter,1,inter,1,3.4
21.39023,88.90781,14/05/2025,matutino,2,inter,1,inter,2,5.4
21.39023,88.90781,14/05/2025,matutino,2,inter,1,inter,3,5.5
21.39023,88.90781,14/05/2025,matutino,2,inter,1,inter,4,7.3
21.39023,88.90781,14/05/2025,matutino,2,inter,1,inter,5,2
21.39023,88.90781,14/05/2025,matutino,2,inter,1,inter,6,10
21.39023,88.90781,14/05/2025,matutino,2,inter,1,inter,7,10.5
21.39023,88.90781,14/05/2025,matutino,2,inter,1,inter,8,5.8
21.39023,88.90781,14/05/2025,matutino,2,inter,1,inter,9,8
21.39023,88.90781,14/05/2025,matutino,2,inter,1,inter,10,9.4
21.39023,88.90781,14/05/2025,matutino,2,inter,1,inter,11,10
21.39023,88.90781,14/05/2025,matutino,2,inter,1,inter,12,9
21.39023,88.90781,14/05/2025,matutino,2,inter,1,inter,13,7.2
21.39023,88.90781,14/05/2025,matutino,2,inter,1,inter,14,6
21.39023,88.90781,14/05/2025,matutino,2,inter,1,inter,15,4
21.39023,88.90781,14/05/2025,matutino,2,inter,1,inter,16,8.3
21.39023,88.90781,14/05/2025,matutino,2,inter,1,inter,17,10
21.39023,88.90781,14/05/2025,matutino,2,inter,1,inter,18,7.4
21.39023,88.90781,14/05/2025,matutino,2,inter,1,inter,19,2
21.39023,88.90781,14/05/2025,matutino,2,inter,1,inter,20,1.5
21.39023,88.90781,14/05/2025,matutino,2,inter,1,inter,21,3
21.39023,88.90781,14/05/2025,matutino,2,inter,1,inter,22,9.4
21.39023,88.90781,14/05/2025,matutino,2,inter,1,inter,23,10.6
21.39023,88.90781,14/05/2025,matutino,2,inter,1,inter,24,10.4
21.39023,88.90781,14/05/2025,matutino,2,inter,1,inter,25,6
21.39023,88.90781,14/05/2025,matutino,2,inter,1,inter,26,10.5
21.39023,88.90781,14/05/2025,matutino,2,inter,1,inter,27,5
21.39023,88.90781,14/05/2025,matutino,2,inter,1,inter,28,7
21.39023,88.90781,14/05/2025,matutino,2,inter,1,inter,29,9
21.39023,88.90781,14/05/2025,matutino,2,inter,1,inter,30,9
21.39023,88.90781,14/05/2025,matutino,2,inter,1,inter,31,9.4
21.39023,88.90781,14/05/2025,matutino,2,inter,1,inter,32,11
21.39023,88.90781,14/05/2025,matutino,2,inter,1,inter,33,6
21.39023,88.90781,14/05/2025,matutino,2,inter,1,inter,34,4
21.39023,88.90781,14/05/2025,matutino,2,inter,1,inter,35,12.3
21.39023,88.90781,14/05/2025,matutino,2,inter,1,inter,36,10.4
21.39023,88.90781,14/05/2025,matutino,2,inter,1,inter,37,6.3
21.39023,88.90781,14/05/2025,matutino,2,inter,1,inter,38,10.7
21.39023,88.90781,14/05/2025,matutino,2,inter,1,inter,39,7.9
21.39023,88.90781,14/05/2025,matutino,2,inter,1,inter,40,8.6
21.39023,88.90781,14/05/2025,matutino,2,inter,1,inter,41,10.3
21.39023,88.90781,14/05/2025,matutino,2,inter,1,inter,42,9.8
21.39023,88.90781,14/05/2025,matutino,2,inter,1,inter,43,7
21.39023,88.90781,14/05/2025,matutino,2,inter,1,inter,44,7.8
21.39023,88.90781,14/05/2025,matutino,2,inter,1,inter,45,6.6
21.39023,88.90781,14/05/2025,matutino,2,inter,1,inter,46,9
21.39023,88.90781,14/05/2025,matutino,2,inter,1,inter,47,4.7
21.39023,88.90781,14/05/2025,matutino,2,inter,1,inter,48,4.7
21.39023,88.90781,14/05/2025,matutino,2,inter,1,inter,49,10.4
21.39023,88.90781,14/05/2025,matutino,2,inter,1,inter,50,6.4
21.39023,88.90781,14/05/2025,matutino,2,inter,1,inter,51,10.3
21.39023,88.90781,14/05/2025,matutino,2,inter,1,inter,52,6.1
21.39023,88.90781,14/05/2025,matutino,2,inter,1,inter,53,2.8
21.39023,88.90781,14/05/2025,matutino,2,inter,1,inter,54,7.9
21.39023,88.90781,14/05/2025,matutino,2,inter,1,inter,55,4
21.39023,88.90781,14/05/2025,matutino,2,inter,1,inter,56,7.4
21.39023,88.90781,14/05/2025,matutino,2,inter,1,inter,57,7.6
21.39023,88.90781,14/05/2025,matutino,2,inter,1,inter,58,8.7
21.39023,88.90781,14/05/2025,matutino,2,inter,1,inter,59,13.4
21.39023,88.90781,14/05/2025,matutino,2,inter,1,inter,60,11.4
21.39023,88.90781,14/05/2025,matutino,2,inter,1,inter,61,2
21.39023,88.90781,14/05/2025,matutino,2,inter,1,inter,62,3.4
21.39023,88.90781,14/05/2025,matutino,2,inter,1,inter,63,4
21.39023,88.90781,14/05/2025,matutino,2,sub,1,1_sub,1,3.7
21.39023,88.90781,14/05/2025,matutino,2,sub,1,1_sub,2,3.8
21.39023,88.90781,14/05/2025,matutino,2,sub,1,1_sub,3,5.5
21.39023,88.90781,14/05/2025,matutino,2,sub,1,1_sub,4,5.7
21.39023,88.90781,14/05/2025,matutino,2,sub,1,1_sub,5,3.9
21.39023,88.90781,14/05/2025,matutino,2,sub,1,1_sub,6,6.9
21.39023,88.90781,14/05/2025,matutino,2,sub,1,1_sub,7,4.5
21.39023,88.90781,14/05/2025,matutino,2,sub,1,1_sub,8,2.7
21.39023,88.90781,14/05/2025,matutino,2,sub,1,1_sub,9,2.7
21.39023,88.90781,14/05/2025,matutino,2,sub,1,1_sub,10,5.3
21.39023,88.90781,14/05/2025,matutino,2,sub,1,1_sub,11,1.7
21.39023,88.90781,14/05/2025,matutino,2,sub,1,1_sub,12,6.5
21.39023,88.90781,14/05/2025,matutino,2,sub,1,1_sub,13,0.5
21.39023,88.90781,14/05/2025,matutino,2,sub,1,1_sub,14,4.6
21.39023,88.90781,14/05/2025,matutino,2,sub,1,1_sub,15,2.1
21.39023,88.90781,14/05/2025,matutino,2,sub,1,1_sub,16,1.6
21.39023,88.90781,14/05/2025,matutino,2,sub,1,1_sub,17,1
21.39023,88.90781,14/05/2025,matutino,2,sub,1,1_sub,18,3.1
21.39023,88.90781,14/05/2025,matutino,2,sub,1,1_sub,19,7.4
21.39023,88.90781,14/05/2025,matutino,2,sub,1,1_sub,20,7
21.39023,88.90781,14/05/2025,matutino,2,sub,1,1_sub,21,11.1
21.39023,88.90781,14/05/2025,matutino,2,sub,1,1_sub,22,9
21.39023,88.90781,14/05/2025,matutino,2,sub,1,1_sub,23,13.5
21.39023,88.90781,14/05/2025,matutino,2,sub,1,1_sub,24,16
21.39023,88.90781,14/05/2025,matutino,2,sub,1,1_sub,25,20
21.39023,88.90781,14/05/2025,matutino,2,sub,1,1_sub,26,8.4
21.39023,88.90781,14/05/2025,matutino,2,sub,1,1_sub,27,4.1
21.39023,88.90781,14/05/2025,matutino,2,sub,1,1_sub,28,6.4
21.39023,88.90781,14/05/2025,matutino,2,sub,1,1_sub,29,10.4
21.39023,88.90781,14/05/2025,matutino,2,sub,1,1_sub,30,7.1
21.39023,88.90781,14/05/2025,matutino,2,sub,1,1_sub,31,3.6
21.39023,88.90781,14/05/2025,matutino,2,sub,1,1_sub,32,9.5
21.39023,88.90781,14/05/2025,matutino,2,sub,1,1_sub,33,7.4
21.39023,88.90781,14/05/2025,matutino,2,sub,1,1_sub,34,4.7
21.39023,88.90781,14/05/2025,matutino,2,sub,1,1_sub,35,3.5
21.39023,88.90781,14/05/2025,matutino,2,sub,1,1_sub,36,8.7
21.39023,88.90781,14/05/2025,matutino,2,sub,1,1_sub,37,8.7
21.39023,88.90781,14/05/2025,matutino,2,sub,1,1_sub,38,1.7
21.39023,88.90781,14/05/2025,matutino,2,sub,1,1_sub,39,7.1
21.39023,88.90781,14/05/2025,matutino,2,sub,1,1_sub,40,3
21.39023,88.90781,14/05/2025,matutino,2,sub,1,1_sub,41,2.1
21.39023,88.90781,14/05/2025,matutino,2,sub,1,1_sub,42,6.2
21.39023,88.90781,14/05/2025,matutino,2,sub,1,1_sub,43,0.8
21.39023,88.90781,14/05/2025,matutino,2,sub,1,1_sub,44,3.8
21.39023,88.90781,14/05/2025,matutino,2,sub,1,1_sub,45,5.4
21.39023,88.90781,14/05/2025,matutino,2,sub,1,1_sub,46,1
21.39023,88.90781,14/05/2025,matutino,2,sub,1,1_sub,47,14.5
21.39023,88.90781,14/05/2025,matutino,2,sub,1,1_sub,48,5.4
21.39023,88.90781,14/05/2025,matutino,2,sub,1,1_sub,49,0.9
21.39023,88.90781,14/05/2025,matutino,2,sub,1,1_sub,50,3.4
21.39023,88.90781,14/05/2025,matutino,2,sub,1,1_sub,51,2.3
21.39023,88.90781,14/05/2025,matutino,2,sub,1,1_sub,52,5.7
21.39023,88.90781,14/05/2025,matutino,2,sub,1,1_sub,53,6.7
21.39023,88.90781,14/05/2025,matutino,2,sub,1,1_sub,54,1.3
21.39023,88.90781,14/05/2025,matutino,2,sub,1,1_sub,55,6.3
21.39023,88.90781,14/05/2025,matutino,2,sub,1,1_sub,56,1.5
21.39023,88.90781,14/05/2025,matutino,2,sub,1,1_sub,57,2
21.39023,88.90781,14/05/2025,matutino,2,sub,1,1_sub,58,3.1
21.39023,88.90781,14/05/2025,matutino,2,sub,1,1_sub,59,1.7
21.39023,88.90781,14/05/2025,matutino,2,sub,1,1_sub,60,2.1
21.39023,88.90781,14/05/2025,matutino,2,sub,1,1_sub,61,1.6
21.39023,88.90781,14/05/2025,matutino,2,sub,1,1_sub,62,2.2
21.39023,88.90781,14/05/2025,matutino,2,sub,2,2_sub,1,7.8
21.39023,88.90781,14/05/2025,matutino,2,sub,2,2_sub,2,6
21.39023,88.90781,14/05/2025,matutino,2,sub,2,2_sub,3,5
21.39023,88.90781,14/05/2025,matutino,2,sub,2,2_sub,4,2.5
21.39023,88.90781,14/05/2025,matutino,2,sub,2,2_sub,5,1.4
21.39023,88.90781,14/05/2025,matutino,2,sub,2,2_sub,6,4.1
21.39023,88.90781,14/05/2025,matutino,2,sub,2,2_sub,7,2.1
21.39023,88.90781,14/05/2025,matutino,2,sub,2,2_sub,8,7.8
21.39023,88.90781,14/05/2025,matutino,2,sub,2,2_sub,9,5.5
21.39023,88.90781,14/05/2025,matutino,2,sub,2,2_sub,10,4.4
21.39023,88.90781,14/05/2025,matutino,2,sub,2,2_sub,11,3.6
21.39023,88.90781,14/05/2025,matutino,2,sub,2,2_sub,12,1.8
21.39023,88.90781,14/05/2025,matutino,2,sub,2,2_sub,13,3.4
21.39023,88.90781,14/05/2025,matutino,2,sub,2,2_sub,14,2.5
21.39023,88.90781,14/05/2025,matutino,2,sub,3,3_sub,0,0
21.39023,88.90781,14/05/2025,matutino,2,sub,4,4_sub,0,0
21.39023,88.90833,14/05/2025,vespertino,1,supra,4,4_supra,0,0
21.39023,88.90833,14/05/2025,vespertino,1,supra,3,3_supra,1,3.4
21.39023,88.90833,14/05/2025,vespertino,1,supra,3,3_supra,2,6.1
21.39023,88.90833,14/05/2025,vespertino,1,supra,3,3_supra,3,3.2
21.39023,88.90833,14/05/2025,vespertino,1,supra,3,3_supra,4,4.8
21.39023,88.90833,14/05/2025,vespertino,1,supra,3,3_supra,5,3.6
21.39023,88.90833,14/05/2025,vespertino,1,supra,2,2_supra,1,4.5
21.39023,88.90833,14/05/2025,vespertino,1,supra,2,2_supra,2,5
21.39023,88.90833,14/05/2025,vespertino,1,supra,2,2_supra,3,4
21.39023,88.90833,14/05/2025,vespertino,1,supra,2,2_supra,4,5.6
21.39023,88.90833,14/05/2025,vespertino,1,supra,2,2_supra,5,1.7
21.39023,88.90833,14/05/2025,vespertino,1,supra,2,2_supra,6,1
21.39023,88.90833,14/05/2025,vespertino,1,supra,2,2_supra,7,0.7
21.39023,88.90833,14/05/2025,vespertino,1,supra,1,1_supra,1,3.8
21.39023,88.90833,14/05/2025,vespertino,1,supra,1,1_supra,2,6.2
21.39023,88.90833,14/05/2025,vespertino,1,supra,1,1_supra,3,6
21.39023,88.90833,14/05/2025,vespertino,1,supra,1,1_supra,4,3
21.39023,88.90833,14/05/2025,vespertino,1,supra,1,1_supra,5,6.5
21.39023,88.90833,14/05/2025,vespertino,1,supra,1,1_supra,6,2.8
21.39023,88.90833,14/05/2025,vespertino,1,supra,1,1_supra,7,3.1
21.39023,88.90833,14/05/2025,vespertino,1,supra,1,1_supra,8,3.4
21.39023,88.90833,14/05/2025,vespertino,1,supra,1,1_supra,9,0.6
21.39023,88.90833,14/05/2025,vespertino,1,inter,1,inter,1,2
21.39023,88.90833,14/05/2025,vespertino,1,inter,1,inter,2,1.8
21.39023,88.90833,14/05/2025,vespertino,1,inter,1,inter,3,3.9
21.39023,88.90833,14/05/2025,vespertino,1,inter,1,inter,4,1
21.39023,88.90833,14/05/2025,vespertino,1,inter,1,inter,5,3.5
21.39023,88.90833,14/05/2025,vespertino,1,inter,1,inter,6,11.4
21.39023,88.90833,14/05/2025,vespertino,1,inter,1,inter,7,5.9
21.39023,88.90833,14/05/2025,vespertino,1,inter,1,inter,8,2.4
21.39023,88.90833,14/05/2025,vespertino,1,inter,1,inter,9,1.2
21.39023,88.90833,14/05/2025,vespertino,1,inter,1,inter,10,10.6
21.39023,88.90833,14/05/2025,vespertino,1,inter,1,inter,11,4.3
21.39023,88.90833,14/05/2025,vespertino,1,inter,1,inter,12,7.7
21.39023,88.90833,14/05/2025,vespertino,1,inter,1,inter,13,2.9
21.39023,88.90833,14/05/2025,vespertino,1,inter,1,inter,14,5.9
21.39023,88.90833,14/05/2025,vespertino,1,inter,1,inter,15,7
21.39023,88.90833,14/05/2025,vespertino,1,inter,1,inter,16,4.3
21.39023,88.90833,14/05/2025,vespertino,1,inter,1,inter,17,6.8
21.39023,88.90833,14/05/2025,vespertino,1,inter,1,inter,18,10.2
21.39023,88.90833,14/05/2025,vespertino,1,inter,1,inter,19,3.3
21.39023,88.90833,14/05/2025,vespertino,1,inter,1,inter,20,5.9
21.39023,88.90833,14/05/2025,vespertino,1,inter,1,inter,21,4.8
21.39023,88.90833,14/05/2025,vespertino,1,inter,1,inter,22,3.1
21.39023,88.90833,14/05/2025,vespertino,1,inter,1,inter,23,3.1
21.39023,88.90833,14/05/2025,vespertino,1,inter,1,inter,24,6.4
21.39023,88.90833,14/05/2025,vespertino,1,inter,1,inter,25,1.5
21.39023,88.90833,14/05/2025,vespertino,1,inter,1,inter,26,4.6
21.39023,88.90833,14/05/2025,vespertino,1,inter,1,inter,27,1.4
21.39023,88.90833,14/05/2025,vespertino,1,inter,1,inter,28,0.7
21.39023,88.90833,14/05/2025,vespertino,1,inter,1,inter,29,5.8
21.39023,88.90833,14/05/2025,vespertino,1,inter,1,inter,30,4.3
21.39023,88.90833,14/05/2025,vespertino,1,inter,1,inter,31,2.8
21.39023,88.90833,14/05/2025,vespertino,1,sub,1,1_sub,1,2.5
21.39023,88.90833,14/05/2025,vespertino,1,sub,1,1_sub,2,2.4
21.39023,88.90833,14/05/2025,vespertino,1,sub,1,1_sub,3,1.5
21.39023,88.90833,14/05/2025,vespertino,1,sub,1,1_sub,4,1.9
21.39023,88.90833,14/05/2025,vespertino,1,sub,1,1_sub,5,3.9
21.39023,88.90833,14/05/2025,vespertino,1,sub,1,1_sub,6,3.9
21.39023,88.90833,14/05/2025,vespertino,1,sub,1,1_sub,7,1.1
21.39023,88.90833,14/05/2025,vespertino,1,sub,1,1_sub,8,3.7
21.39023,88.90833,14/05/2025,vespertino,1,sub,1,1_sub,9,2.9
21.39023,88.90833,14/05/2025,vespertino,1,sub,1,1_sub,10,2.6
21.39023,88.90833,14/05/2025,vespertino,1,sub,1,1_sub,11,3.7
21.39023,88.90833,14/05/2025,vespertino,1,sub,1,1_sub,12,2.2
21.39023,88.90833,14/05/2025,vespertino,1,sub,1,1_sub,13,3
21.39023,88.90833,14/05/2025,vespertino,1,sub,1,1_sub,14,2.5
21.39023,88.90833,14/05/2025,vespertino,1,sub,1,1_sub,15,2.3
21.39023,88.90833,14/05/2025,vespertino,1,sub,1,1_sub,16,3.6
21.39023,88.90833,14/05/2025,vespertino,1,sub,1,1_sub,17,3.1
21.39023,88.90833,14/05/2025,vespertino,1,sub,1,1_sub,18,1.7
21.39023,88.90833,14/05/2025,vespertino,1,sub,1,1_sub,19,3
21.39023,88.90833,14/05/2025,vespertino,1,sub,1,1_sub,20,2.1
21.39023,88.90833,14/05/2025,vespertino,1,sub,1,1_sub,21,2.4
21.39023,88.90833,14/05/2025,vespertino,1,sub,1,1_sub,22,0.7
21.39023,88.90833,14/05/2025,vespertino,1,sub,1,1_sub,23,2.4
21.39023,88.90833,14/05/2025,vespertino,1,sub,1,1_sub,24,3.2
21.39023,88.90833,14/05/2025,vespertino,1,sub,1,1_sub,25,1.7
21.39023,88.90833,14/05/2025,vespertino,1,sub,1,1_sub,26,2.1
21.39023,88.90833,14/05/2025,vespertino,1,sub,1,1_sub,27,2.3
21.39023,88.90833,14/05/2025,vespertino,1,sub,1,1_sub,28,1.8
21.39023,88.90833,14/05/2025,vespertino,1,sub,2,2_sub,1,1
21.39023,88.90833,14/05/2025,vespertino,1,sub,2,2_sub,2,2
21.39023,88.90833,14/05/2025,vespertino,1,sub,2,2_sub,3,4.5
21.39023,88.90833,14/05/2025,vespertino,1,sub,2,2_sub,4,2.2
21.39023,88.90833,14/05/2025,vespertino,1,sub,2,2_sub,5,1.6
21.39023,88.90833,14/05/2025,vespertino,1,sub,2,2_sub,6,2.4
21.39023,88.90833,14/05/2025,vespertino,1,sub,2,2_sub,7,5.7
21.39023,88.90833,14/05/2025,vespertino,1,sub,2,2_sub,8,3.5
21.39023,88.90833,14/05/2025,vespertino,1,sub,2,2_sub,9,4
21.39023,88.90833,14/05/2025,vespertino,1,sub,2,2_sub,10,2
21.39023,88.90833,14/05/2025,vespertino,1,sub,2,2_sub,11,3
21.39023,88.90833,14/05/2025,vespertino,1,sub,2,2_sub,12,2.5
21.39023,88.90833,14/05/2025,vespertino,1,sub,2,2_sub,13,2
21.39023,88.90833,14/05/2025,vespertino,1,sub,2,2_sub,14,2.3
21.39023,88.90833,14/05/2025,vespertino,1,sub,2,2_sub,15,2.5
21.39023,88.90833,14/05/2025,vespertino,1,sub,2,2_sub,16,4
21.39023,88.90833,14/05/2025,vespertino,1,sub,2,2_sub,17,2.5
21.39023,88.90833,14/05/2025,vespertino,1,sub,2,2_sub,18,3
21.39023,88.90833,14/05/2025,vespertino,1,sub,2,2_sub,19,1.5
21.39023,88.90833,14/05/2025,vespertino,1,sub,2,2_sub,20,2
21.39023,88.90833,14/05/2025,vespertino,1,sub,3,3_sub,1,4.2
21.39023,88.90833,14/05/2025,vespertino,1,sub,3,3_sub,2,6.4
21.39023,88.90833,14/05/2025,vespertino,1,sub,3,3_sub,3,5.5
21.39023,88.90833,14/05/2025,vespertino,1,sub,3,3_sub,4,3.8
21.39023,88.90833,14/05/2025,vespertino,1,sub,3,3_sub,5,2.4
21.39023,88.90833,14/05/2025,vespertino,1,sub,3,3_sub,6,1
21.39023,88.90833,14/05/2025,vespertino,1,sub,3,3_sub,7,2.2
21.39023,88.90833,14/05/2025,vespertino,1,sub,3,3_sub,8,1.4
21.39023,88.90833,14/05/2025,vespertino,1,sub,4,4_sub,0,0
21.39023,88.90781,14/05/2025,vespertino,2,supra,4,4_supra,0,0
21.39023,88.90781,14/05/2025,vespertino,2,supra,3,3_supra,0,0
21.39023,88.90781,14/05/2025,vespertino,2,supra,2,2_supra,1,2.9
21.39023,88.90781,14/05/2025,vespertino,2,supra,2,2_supra,2,5
21.39023,88.90781,14/05/2025,vespertino,2,supra,2,2_supra,3,4.4
21.39023,88.90781,14/05/2025,vespertino,2,supra,2,2_supra,4,2.2
21.39023,88.90781,14/05/2025,vespertino,2,supra,2,2_supra,5,8.5
21.39023,88.90781,14/05/2025,vespertino,2,supra,2,2_supra,6,1.1
21.39023,88.90781,14/05/2025,vespertino,2,supra,2,2_supra,7,6.9
21.39023,88.90781,14/05/2025,vespertino,2,supra,2,2_supra,8,6.3
21.39023,88.90781,14/05/2025,vespertino,2,supra,2,2_supra,9,13.8
21.39023,88.90781,14/05/2025,vespertino,2,supra,2,2_supra,10,5.8
21.39023,88.90781,14/05/2025,vespertino,2,supra,2,2_supra,11,12
21.39023,88.90781,14/05/2025,vespertino,2,supra,2,2_supra,12,7.8
21.39023,88.90781,14/05/2025,vespertino,2,supra,2,2_supra,13,5.9
21.39023,88.90781,14/05/2025,vespertino,2,supra,2,2_supra,14,8.4
21.39023,88.90781,14/05/2025,vespertino,2,supra,2,2_supra,15,11.9
21.39023,88.90781,14/05/2025,vespertino,2,supra,2,2_supra,16,1.9
21.39023,88.90781,14/05/2025,vespertino,2,supra,2,2_supra,17,5.6
21.39023,88.90781,14/05/2025,vespertino,2,supra,2,2_supra,18,1.5
21.39023,88.90781,14/05/2025,vespertino,2,supra,2,2_supra,19,4
21.39023,88.90781,14/05/2025,vespertino,2,supra,2,2_supra,20,9.5
21.39023,88.90781,14/05/2025,vespertino,2,supra,2,2_supra,21,6.2
21.39023,88.90781,14/05/2025,vespertino,2,supra,2,2_supra,22,1.5
21.39023,88.90781,14/05/2025,vespertino,2,supra,2,2_supra,23,2.2
21.39023,88.90781,14/05/2025,vespertino,2,supra,2,2_supra,24,0.7
21.39023,88.90781,14/05/2025,vespertino,2,supra,1,1_supra,0,0
21.39023,88.90781,14/05/2025,vespertino,2,inter,1,inter,1,6
21.39023,88.90781,14/05/2025,vespertino,2,inter,1,inter,2,7.4
21.39023,88.90781,14/05/2025,vespertino,2,inter,1,inter,3,2.5
21.39023,88.90781,14/05/2025,vespertino,2,inter,1,inter,4,9.2
21.39023,88.90781,14/05/2025,vespertino,2,inter,1,inter,5,9.4
21.39023,88.90781,14/05/2025,vespertino,2,inter,1,inter,6,12
21.39023,88.90781,14/05/2025,vespertino,2,inter,1,inter,7,10.3
21.39023,88.90781,14/05/2025,vespertino,2,inter,1,inter,8,8.9
21.39023,88.90781,14/05/2025,vespertino,2,inter,1,inter,9,4
21.39023,88.90781,14/05/2025,vespertino,2,inter,1,inter,10,12.4
21.39023,88.90781,14/05/2025,vespertino,2,inter,1,inter,11,9.7
21.39023,88.90781,14/05/2025,vespertino,2,inter,1,inter,12,10.8
21.39023,88.90781,14/05/2025,vespertino,2,inter,1,inter,13,6.4
21.39023,88.90781,14/05/2025,vespertino,2,inter,1,inter,14,3.9
21.39023,88.90781,14/05/2025,vespertino,2,inter,1,inter,15,2.8
21.39023,88.90781,14/05/2025,vespertino,2,inter,1,inter,16,4.2
21.39023,88.90781,14/05/2025,vespertino,2,inter,1,inter,17,5.7
21.39023,88.90781,14/05/2025,vespertino,2,inter,1,inter,18,3.6
21.39023,88.90781,14/05/2025,vespertino,2,inter,1,inter,19,3.8
21.39023,88.90781,14/05/2025,vespertino,2,inter,1,inter,20,3.3
21.39023,88.90781,14/05/2025,vespertino,2,inter,1,inter,21,5.7
21.39023,88.90781,14/05/2025,vespertino,2,inter,1,inter,22,3.8
21.39023,88.90781,14/05/2025,vespertino,2,inter,1,inter,23,2.4
21.39023,88.90781,14/05/2025,vespertino,2,inter,1,inter,24,1
21.39023,88.90781,14/05/2025,vespertino,2,inter,1,inter,25,2
21.39023,88.90781,14/05/2025,vespertino,2,inter,1,inter,26,1
21.39023,88.90781,14/05/2025,vespertino,2,sub,1,1_sub,1,2.1
21.39023,88.90781,14/05/2025,vespertino,2,sub,2,2_sub,1,14.2
21.39023,88.90781,14/05/2025,vespertino,2,sub,2,2_sub,2,7
21.39023,88.90781,14/05/2025,vespertino,2,sub,2,2_sub,3,4.4
21.39023,88.90781,14/05/2025,vespertino,2,sub,2,2_sub,4,16.6
21.39023,88.90781,14/05/2025,vespertino,2,sub,2,2_sub,5,2.4
21.39023,88.90781,14/05/2025,vespertino,2,sub,2,2_sub,6,3.5
21.39023,88.90781,14/05/2025,vespertino,2,sub,2,2_sub,7,1
21.39023,88.90781,14/05/2025,vespertino,2,sub,2,2_sub,8,6.5
21.39023,88.90781,14/05/2025,vespertino,2,sub,2,2_sub,9,7.8
21.39023,88.90781,14/05/2025,vespertino,2,sub,2,2_sub,10,2.5
21.39023,88.90781,14/05/2025,vespertino,2,sub,2,2_sub,11,6.9
21.39023,88.90781,14/05/2025,vespertino,2,sub,2,2_sub,12,11
21.39023,88.90781,14/05/2025,vespertino,2,sub,2,2_sub,13,1.6
21.39023,88.90781,14/05/2025,vespertino,2,sub,2,2_sub,14,3.7
21.39023,88.90781,14/05/2025,vespertino,2,sub,2,2_sub,15,5.2
21.39023,88.90781,14/05/2025,vespertino,2,sub,2,2_sub,16,4.4
21.39023,88.90781,14/05/2025,vespertino,2,sub,2,2_sub,17,4.8
21.39023,88.90781,14/05/2025,vespertino,2,sub,2,2_sub,18,1.7
21.39023,88.90781,14/05/2025,vespertino,2,sub,2,2_sub,19,7.4
21.39023,88.90781,14/05/2025,vespertino,2,sub,2,2_sub,20,4.5
21.39023,88.90781,14/05/2025,vespertino,2,sub,2,2_sub,21,2.1
21.39023,88.90781,14/05/2025,vespertino,2,sub,2,2_sub,22,4.2
21.39023,88.90781,14/05/2025,vespertino,2,sub,2,2_sub,23,3.7
21.39023,88.90781,14/05/2025,vespertino,2,sub,2,2_sub,24,3.9
21.39023,88.90781,14/05/2025,vespertino,2,sub,2,2_sub,25,3.5
21.39023,88.90781,14/05/2025,vespertino,2,sub,3,3_sub,0,0
21.39023,88.90781,14/05/2025,vespertino,2,sub,4,4_sub,0,0
21.39007,88.90935,16/05/2025,matutino,1,supra,4,4_supra,1,0.5
21.39007,88.90935,16/05/2025,matutino,1,supra,3,3_supra,1,1.6
21.39007,88.90935,16/05/2025,matutino,1,supra,3,3_supra,2,2.3
21.39007,88.90935,16/05/2025,matutino,1,supra,3,3_supra,3,4.6
21.39007,88.90935,16/05/2025,matutino,1,supra,2,2_supra,1,3
21.39007,88.90935,16/05/2025,matutino,1,supra,2,2_supra,2,7.2
21.39007,88.90935,16/05/2025,matutino,1,supra,2,2_supra,3,8.2
21.39007,88.90935,16/05/2025,matutino,1,supra,2,2_supra,4,11.2
21.39007,88.90935,16/05/2025,matutino,1,supra,2,2_supra,5,8
21.39007,88.90935,16/05/2025,matutino,1,supra,2,2_supra,6,2
21.39007,88.90935,16/05/2025,matutino,1,supra,2,2_supra,7,9.2
21.39007,88.90935,16/05/2025,matutino,1,supra,2,2_supra,8,1.5
21.39007,88.90935,16/05/2025,matutino,1,supra,2,2_supra,9,6.8
21.39007,88.90935,16/05/2025,matutino,1,supra,2,2_supra,10,7
21.39007,88.90935,16/05/2025,matutino,1,supra,2,2_supra,11,2
21.39007,88.90935,16/05/2025,matutino,1,supra,2,2_supra,12,5.6
21.39007,88.90935,16/05/2025,matutino,1,supra,2,2_supra,13,2
21.39007,88.90935,16/05/2025,matutino,1,supra,2,2_supra,14,2.4
21.39007,88.90935,16/05/2025,matutino,1,supra,2,2_supra,15,1.5
21.39007,88.90935,16/05/2025,matutino,1,supra,2,2_supra,16,3
21.39007,88.90935,16/05/2025,matutino,1,supra,2,2_supra,17,2.5
21.39007,88.90935,16/05/2025,matutino,1,supra,2,2_supra,18,1.5
21.39007,88.90935,16/05/2025,matutino,1,supra,2,2_supra,19,1.5
21.39007,88.90935,16/05/2025,matutino,1,supra,1,1_supra,1,9
21.39007,88.90935,16/05/2025,matutino,1,supra,1,1_supra,2,7.2
21.39007,88.90935,16/05/2025,matutino,1,supra,1,1_supra,3,8.4
21.39007,88.90935,16/05/2025,matutino,1,supra,1,1_supra,4,3.6
21.39007,88.90935,16/05/2025,matutino,1,supra,1,1_supra,5,2.4
21.39007,88.90935,16/05/2025,matutino,1,supra,1,1_supra,6,9.5
21.39007,88.90935,16/05/2025,matutino,1,supra,1,1_supra,7,7.4
21.39007,88.90935,16/05/2025,matutino,1,supra,1,1_supra,8,10.5
21.39007,88.90935,16/05/2025,matutino,1,supra,1,1_supra,9,7.8
21.39007,88.90935,16/05/2025,matutino,1,supra,1,1_supra,10,9.4
21.39007,88.90935,16/05/2025,matutino,1,supra,1,1_supra,11,6.4
21.39007,88.90935,16/05/2025,matutino,1,supra,1,1_supra,12,4.5
21.39007,88.90935,16/05/2025,matutino,1,supra,1,1_supra,13,3
21.39007,88.90935,16/05/2025,matutino,1,supra,1,1_supra,14,3
21.39007,88.90935,16/05/2025,matutino,1,supra,1,1_supra,15,9
21.39007,88.90935,16/05/2025,matutino,1,supra,1,1_supra,16,4.6
21.39007,88.90935,16/05/2025,matutino,1,supra,1,1_supra,17,3.8
21.39007,88.90935,16/05/2025,matutino,1,supra,1,1_supra,18,7.6
21.39007,88.90935,16/05/2025,matutino,1,supra,1,1_supra,19,8.4
21.39007,88.90935,16/05/2025,matutino,1,supra,1,1_supra,20,4
21.39007,88.90935,16/05/2025,matutino,1,supra,1,1_supra,21,6.8
21.39007,88.90935,16/05/2025,matutino,1,supra,1,1_supra,22,7.7
21.39007,88.90935,16/05/2025,matutino,1,supra,1,1_supra,23,11.4
21.39007,88.90935,16/05/2025,matutino,1,supra,1,1_supra,24,11
21.39007,88.90935,16/05/2025,matutino,1,supra,1,1_supra,25,7.4
21.39007,88.90935,16/05/2025,matutino,1,supra,1,1_supra,26,3.4
21.39007,88.90935,16/05/2025,matutino,1,supra,1,1_supra,27,7.5
21.39007,88.90935,16/05/2025,matutino,1,supra,1,1_supra,28,3.4
21.39007,88.90935,16/05/2025,matutino,1,supra,1,1_supra,29,1.2
21.39007,88.90935,16/05/2025,matutino,1,supra,1,1_supra,30,2.4
21.39007,88.90935,16/05/2025,matutino,1,supra,1,1_supra,31,2.7
21.39007,88.90935,16/05/2025,matutino,1,supra,1,1_supra,32,2.9
21.39007,88.90935,16/05/2025,matutino,1,supra,1,1_supra,33,3.9
21.39007,88.90935,16/05/2025,matutino,1,supra,1,1_supra,34,2.7
21.39007,88.90935,16/05/2025,matutino,1,supra,1,1_supra,35,9.8
21.39007,88.90935,16/05/2025,matutino,1,supra,1,1_supra,36,2.4
21.39007,88.90935,16/05/2025,matutino,1,supra,1,1_supra,37,2
21.39007,88.90935,16/05/2025,matutino,1,supra,1,1_supra,38,4.5
21.39007,88.90935,16/05/2025,matutino,1,supra,1,1_supra,39,2.7
21.39007,88.90935,16/05/2025,matutino,1,supra,1,1_supra,40,6.4
21.39007,88.90935,16/05/2025,matutino,1,supra,1,1_supra,41,5
21.39007,88.90935,16/05/2025,matutino,1,supra,1,1_supra,42,4
21.39007,88.90935,16/05/2025,matutino,1,supra,1,1_supra,43,3.5
21.39007,88.90935,16/05/2025,matutino,1,supra,1,1_supra,44,2.2
21.39007,88.90935,16/05/2025,matutino,1,supra,1,1_supra,45,2
21.39007,88.90935,16/05/2025,matutino,1,supra,1,1_supra,46,4
21.39007,88.90935,16/05/2025,matutino,1,supra,1,1_supra,47,2.5
21.39007,88.90935,16/05/2025,matutino,1,supra,1,1_supra,48,2.9
21.39007,88.90935,16/05/2025,matutino,1,supra,1,1_supra,49,2.4
21.39007,88.90935,16/05/2025,matutino,1,supra,1,1_supra,50,1.5
21.39007,88.90935,16/05/2025,matutino,1,supra,1,1_supra,51,3.7
21.39007,88.90935,16/05/2025,matutino,1,supra,1,1_supra,52,2
21.39007,88.90935,16/05/2025,matutino,1,supra,1,1_supra,53,2.6
21.39007,88.90935,16/05/2025,matutino,1,supra,1,1_supra,54,1.4
21.39007,88.90935,16/05/2025,matutino,1,supra,1,1_supra,55,2.4
21.39007,88.90935,16/05/2025,matutino,1,supra,1,1_supra,56,1.5
21.39007,88.90935,16/05/2025,matutino,1,supra,1,1_supra,57,3
21.39007,88.90935,16/05/2025,matutino,1,supra,1,1_supra,58,1
21.39007,88.90935,16/05/2025,matutino,1,inter,1,inter,1,2
21.39007,88.90935,16/05/2025,matutino,1,inter,1,inter,2,7.7
21.39007,88.90935,16/05/2025,matutino,1,inter,1,inter,3,4.3
21.39007,88.90935,16/05/2025,matutino,1,inter,1,inter,4,8.5
21.39007,88.90935,16/05/2025,matutino,1,inter,1,inter,5,3.5
21.39007,88.90935,16/05/2025,matutino,1,inter,1,inter,6,5
21.39007,88.90935,16/05/2025,matutino,1,inter,1,inter,7,3.4
21.39007,88.90935,16/05/2025,matutino,1,inter,1,inter,8,3.8
21.39007,88.90935,16/05/2025,matutino,1,inter,1,inter,9,2.4
21.39007,88.90935,16/05/2025,matutino,1,inter,1,inter,10,2.8
21.39007,88.90935,16/05/2025,matutino,1,inter,1,inter,11,4.8
21.39007,88.90935,16/05/2025,matutino,1,inter,1,inter,12,3.5
21.39007,88.90935,16/05/2025,matutino,1,inter,1,inter,13,2.5
21.39007,88.90935,16/05/2025,matutino,1,inter,1,inter,14,3.5
21.39007,88.90935,16/05/2025,matutino,1,inter,1,inter,15,3.4
21.39007,88.90935,16/05/2025,matutino,1,inter,1,inter,16,2.1
21.39007,88.90935,16/05/2025,matutino,1,inter,1,inter,17,5.6
21.39007,88.90935,16/05/2025,matutino,1,inter,1,inter,18,1.8
21.39007,88.90935,16/05/2025,matutino,1,inter,1,inter,19,4.5
21.39007,88.90935,16/05/2025,matutino,1,inter,1,inter,20,5.2
21.39007,88.90935,16/05/2025,matutino,1,inter,1,inter,21,2.5
21.39007,88.90935,16/05/2025,matutino,1,inter,1,inter,22,3.3
21.39007,88.90935,16/05/2025,matutino,1,inter,1,inter,23,3.8
21.39007,88.90935,16/05/2025,matutino,1,inter,1,inter,24,3
21.39007,88.90935,16/05/2025,matutino,1,inter,1,inter,25,2.3
21.39007,88.90935,16/05/2025,matutino,1,inter,1,inter,26,2
21.39007,88.90935,16/05/2025,matutino,1,inter,1,inter,27,4.8
21.39007,88.90935,16/05/2025,matutino,1,inter,1,inter,28,3.9
21.39007,88.90935,16/05/2025,matutino,1,inter,1,inter,29,4.4
21.39007,88.90935,16/05/2025,matutino,1,inter,1,inter,30,3.4
21.39007,88.90935,16/05/2025,matutino,1,inter,1,inter,31,4.4
21.39007,88.90935,16/05/2025,matutino,1,sub,1,1_sub,1,0.9
21.39007,88.90935,16/05/2025,matutino,1,sub,1,1_sub,2,0.7
21.39007,88.90935,16/05/2025,matutino,1,sub,2,2_sub,1,1
21.39007,88.90935,16/05/2025,matutino,1,sub,2,2_sub,2,1
21.39007,88.90935,16/05/2025,matutino,1,sub,2,2_sub,3,1.1
21.39007,88.90935,16/05/2025,matutino,1,sub,2,2_sub,4,2.2
21.39007,88.90935,16/05/2025,matutino,1,sub,2,2_sub,5,1.8
21.39007,88.90935,16/05/2025,matutino,1,sub,2,2_sub,6,0.5
21.39007,88.90935,16/05/2025,matutino,1,sub,2,2_sub,7,1.8
21.39007,88.90935,16/05/2025,matutino,1,sub,2,2_sub,8,1.8
21.39007,88.90935,16/05/2025,matutino,1,sub,2,2_sub,9,0.3
21.39007,88.90935,16/05/2025,matutino,1,sub,2,2_sub,10,0.4
21.39007,88.90935,16/05/2025,matutino,1,sub,2,2_sub,11,0.5
21.39007,88.90935,16/05/2025,matutino,1,sub,2,2_sub,12,1
21.39007,88.90935,16/05/2025,matutino,1,sub,3,3_sub,0,0
21.39007,88.90935,16/05/2025,matutino,1,sub,4,4_sub,0,0
21.38999,88.90981,16/05/2025,matutino,2,supra,4,4_supra,0,0
21.38999,88.90981,16/05/2025,matutino,2,supra,3,3_supra,0,0
21.38999,88.90981,16/05/2025,matutino,2,supra,2,2_supra,1,7
21.38999,88.90981,16/05/2025,matutino,2,supra,2,2_supra,2,10.5
21.38999,88.90981,16/05/2025,matutino,2,supra,2,2_supra,3,6.4
21.38999,88.90981,16/05/2025,matutino,2,supra,2,2_supra,4,6.7
21.38999,88.90981,16/05/2025,matutino,2,supra,2,2_supra,5,8
21.38999,88.90981,16/05/2025,matutino,2,supra,2,2_supra,6,11.7
21.38999,88.90981,16/05/2025,matutino,2,supra,2,2_supra,7,6.8
21.38999,88.90981,16/05/2025,matutino,2,supra,2,2_supra,8,6.4
21.38999,88.90981,16/05/2025,matutino,2,supra,2,2_supra,9,8.5
21.38999,88.90981,16/05/2025,matutino,2,supra,2,2_supra,10,6
21.38999,88.90981,16/05/2025,matutino,2,supra,2,2_supra,11,6.7
21.38999,88.90981,16/05/2025,matutino,2,supra,2,2_supra,12,6.5
21.38999,88.90981,16/05/2025,matutino,2,supra,2,2_supra,13,5.4
21.38999,88.90981,16/05/2025,matutino,2,supra,2,2_supra,14,7.4
21.38999,88.90981,16/05/2025,matutino,2,supra,2,2_supra,15,6.5
21.38999,88.90981,16/05/2025,matutino,2,supra,2,2_supra,16,5
21.38999,88.90981,16/05/2025,matutino,2,supra,2,2_supra,17,4.6
21.38999,88.90981,16/05/2025,matutino,2,supra,2,2_supra,18,5.5
21.38999,88.90981,16/05/2025,matutino,2,supra,2,2_supra,19,7
21.38999,88.90981,16/05/2025,matutino,2,supra,2,2_supra,20,4
21.38999,88.90981,16/05/2025,matutino,2,supra,2,2_supra,21,7.9
21.38999,88.90981,16/05/2025,matutino,2,supra,2,2_supra,22,5.5
21.38999,88.90981,16/05/2025,matutino,2,supra,2,2_supra,23,6.6
21.38999,88.90981,16/05/2025,matutino,2,supra,2,2_supra,24,9.1
21.38999,88.90981,16/05/2025,matutino,2,supra,2,2_supra,25,5.3
21.38999,88.90981,16/05/2025,matutino,2,supra,2,2_supra,26,4
21.38999,88.90981,16/05/2025,matutino,2,supra,2,2_supra,27,6
21.38999,88.90981,16/05/2025,matutino,2,supra,2,2_supra,28,6.7
21.38999,88.90981,16/05/2025,matutino,2,supra,2,2_supra,29,5.4
21.38999,88.90981,16/05/2025,matutino,2,supra,2,2_supra,30,7.6
21.38999,88.90981,16/05/2025,matutino,2,supra,2,2_supra,31,5
21.38999,88.90981,16/05/2025,matutino,2,supra,2,2_supra,32,4
21.38999,88.90981,16/05/2025,matutino,2,supra,2,2_supra,33,3.8
21.38999,88.90981,16/05/2025,matutino,2,supra,2,2_supra,34,7.4
21.38999,88.90981,16/05/2025,matutino,2,supra,2,2_supra,35,8.6
21.38999,88.90981,16/05/2025,matutino,2,supra,2,2_supra,36,8.2
21.38999,88.90981,16/05/2025,matutino,2,supra,2,2_supra,37,7.6
21.38999,88.90981,16/05/2025,matutino,2,supra,2,2_supra,38,6.4
21.38999,88.90981,16/05/2025,matutino,2,supra,2,2_supra,39,1.2
21.38999,88.90981,16/05/2025,matutino,2,supra,2,2_supra,40,6.9
21.38999,88.90981,16/05/2025,matutino,2,supra,2,2_supra,41,5.5
21.38999,88.90981,16/05/2025,matutino,2,supra,2,2_supra,42,5.3
21.38999,88.90981,16/05/2025,matutino,2,supra,2,2_supra,43,7.4
21.38999,88.90981,16/05/2025,matutino,2,supra,2,2_supra,44,7
21.38999,88.90981,16/05/2025,matutino,2,supra,2,2_supra,45,6.8
21.38999,88.90981,16/05/2025,matutino,2,supra,2,2_supra,46,4.8
21.38999,88.90981,16/05/2025,matutino,2,supra,2,2_supra,47,3
21.38999,88.90981,16/05/2025,matutino,2,supra,2,2_supra,48,5.4
21.38999,88.90981,16/05/2025,matutino,2,supra,2,2_supra,49,8.4
21.38999,88.90981,16/05/2025,matutino,2,supra,2,2_supra,50,8
21.38999,88.90981,16/05/2025,matutino,2,supra,2,2_supra,51,7.3
21.38999,88.90981,16/05/2025,matutino,2,supra,2,2_supra,52,4
21.38999,88.90981,16/05/2025,matutino,2,supra,2,2_supra,53,2.8
21.38999,88.90981,16/05/2025,matutino,2,supra,2,2_supra,54,7.3
21.38999,88.90981,16/05/2025,matutino,2,supra,2,2_supra,55,5.6
21.38999,88.90981,16/05/2025,matutino,2,supra,2,2_supra,56,4
21.38999,88.90981,16/05/2025,matutino,2,supra,2,2_supra,57,7.8
21.38999,88.90981,16/05/2025,matutino,2,supra,2,2_supra,58,6.6
21.38999,88.90981,16/05/2025,matutino,2,supra,2,2_supra,59,9.2
21.38999,88.90981,16/05/2025,matutino,2,supra,2,2_supra,60,6.2
21.38999,88.90981,16/05/2025,matutino,2,supra,2,2_supra,61,1.5
21.38999,88.90981,16/05/2025,matutino,2,supra,2,2_supra,62,6.4
21.38999,88.90981,16/05/2025,matutino,2,supra,2,2_supra,63,4.7
21.38999,88.90981,16/05/2025,matutino,2,supra,2,2_supra,64,7.6
21.38999,88.90981,16/05/2025,matutino,2,supra,2,2_supra,65,4
21.38999,88.90981,16/05/2025,matutino,2,supra,2,2_supra,66,5.4
21.38999,88.90981,16/05/2025,matutino,2,supra,2,2_supra,67,4
21.38999,88.90981,16/05/2025,matutino,2,supra,2,2_supra,68,2.4
21.38999,88.90981,16/05/2025,matutino,2,supra,2,2_supra,69,8.3
21.38999,88.90981,16/05/2025,matutino,2,supra,2,2_supra,70,10.3
21.38999,88.90981,16/05/2025,matutino,2,supra,2,2_supra,71,6
21.38999,88.90981,16/05/2025,matutino,2,supra,2,2_supra,72,5.4
21.38999,88.90981,16/05/2025,matutino,2,supra,2,2_supra,74,4.4
21.38999,88.90981,16/05/2025,matutino,2,supra,2,2_supra,75,1
21.38999,88.90981,16/05/2025,matutino,2,supra,2,2_supra,76,5.8
21.38999,88.90981,16/05/2025,matutino,2,supra,2,2_supra,77,4
21.38999,88.90981,16/05/2025,matutino,2,supra,2,2_supra,78,3.4
21.38999,88.90981,16/05/2025,matutino,2,supra,2,2_supra,79,5.2
21.38999,88.90981,16/05/2025,matutino,2,supra,2,2_supra,80,5.6
21.38999,88.90981,16/05/2025,matutino,2,supra,2,2_supra,81,4.5
21.38999,88.90981,16/05/2025,matutino,2,supra,2,2_supra,82,8.2
21.38999,88.90981,16/05/2025,matutino,2,supra,2,2_supra,83,3
21.38999,88.90981,16/05/2025,matutino,2,supra,2,2_supra,84,5
21.38999,88.90981,16/05/2025,matutino,2,supra,2,2_supra,85,3.5
21.38999,88.90981,16/05/2025,matutino,2,supra,2,2_supra,86,1.2
21.38999,88.90981,16/05/2025,matutino,2,supra,2,2_supra,87,5.5
21.38999,88.90981,16/05/2025,matutino,2,supra,2,2_supra,88,7
21.38999,88.90981,16/05/2025,matutino,2,supra,2,2_supra,89,4.2
21.38999,88.90981,16/05/2025,matutino,2,supra,2,2_supra,90,5
21.38999,88.90981,16/05/2025,matutino,2,supra,2,2_supra,91,5.6
21.38999,88.90981,16/05/2025,matutino,2,supra,2,2_supra,92,8.2
21.38999,88.90981,16/05/2025,matutino,2,supra,2,2_supra,93,6.8
21.38999,88.90981,16/05/2025,matutino,2,supra,2,2_supra,94,6.7
21.38999,88.90981,16/05/2025,matutino,2,supra,2,2_supra,95,6.4
21.38999,88.90981,16/05/2025,matutino,2,supra,2,2_supra,96,4
21.38999,88.90981,16/05/2025,matutino,2,supra,2,2_supra,97,6.8
21.38999,88.90981,16/05/2025,matutino,2,supra,2,2_supra,98,2
21.38999,88.90981,16/05/2025,matutino,2,supra,2,2_supra,99,4.5
21.38999,88.90981,16/05/2025,matutino,2,supra,2,2_supra,100,6.8
21.38999,88.90981,16/05/2025,matutino,2,supra,2,2_supra,101,5
21.38999,88.90981,16/05/2025,matutino,2,supra,2,2_supra,102,4.8
21.38999,88.90981,16/05/2025,matutino,2,supra,2,2_supra,103,1
21.38999,88.90981,16/05/2025,matutino,2,supra,2,2_supra,104,3.7
21.38999,88.90981,16/05/2025,matutino,2,supra,2,2_supra,105,2
21.38999,88.90981,16/05/2025,matutino,2,supra,2,2_supra,106,3.2
21.38999,88.90981,16/05/2025,matutino,2,supra,2,2_supra,107,3.4
21.38999,88.90981,16/05/2025,matutino,2,supra,2,2_supra,108,2.6
21.38999,88.90981,16/05/2025,matutino,2,supra,2,2_supra,109,2
21.38999,88.90981,16/05/2025,matutino,2,supra,2,2_supra,110,3.8
21.38999,88.90981,16/05/2025,matutino,2,supra,2,2_supra,111,2
21.38999,88.90981,16/05/2025,matutino,2,supra,2,2_supra,112,6.6
21.38999,88.90981,16/05/2025,matutino,2,supra,2,2_supra,113,3
21.38999,88.90981,16/05/2025,matutino,2,supra,2,2_supra,114,3.9
21.38999,88.90981,16/05/2025,matutino,2,supra,2,2_supra,115,3.5
21.38999,88.90981,16/05/2025,matutino,2,supra,2,2_supra,116,2.4
21.38999,88.90981,16/05/2025,matutino,2,supra,2,2_supra,117,1.5
21.38999,88.90981,16/05/2025,matutino,2,supra,2,2_supra,118,4.8
21.38999,88.90981,16/05/2025,matutino,2,supra,2,2_supra,119,4.6
21.38999,88.90981,16/05/2025,matutino,2,supra,2,2_supra,120,2.4
21.38999,88.90981,16/05/2025,matutino,2,supra,2,2_supra,121,2
21.38999,88.90981,16/05/2025,matutino,2,supra,2,2_supra,122,4.8
21.38999,88.90981,16/05/2025,matutino,2,supra,2,2_supra,123,5
21.38999,88.90981,16/05/2025,matutino,2,supra,2,2_supra,124,4.3
21.38999,88.90981,16/05/2025,matutino,2,supra,2,2_supra,125,4.7
21.38999,88.90981,16/05/2025,matutino,2,supra,2,2_supra,126,4.4
21.38999,88.90981,16/05/2025,matutino,2,supra,2,2_supra,127,3
21.38999,88.90981,16/05/2025,matutino,2,supra,2,2_supra,128,5.5
21.38999,88.90981,16/05/2025,matutino,2,supra,2,2_supra,129,4
21.38999,88.90981,16/05/2025,matutino,2,supra,2,2_supra,130,3.8
21.38999,88.90981,16/05/2025,matutino,2,supra,2,2_supra,131,3.4
21.38999,88.90981,16/05/2025,matutino,2,supra,2,2_supra,132,3
21.38999,88.90981,16/05/2025,matutino,2,supra,2,2_supra,133,3.4
21.38999,88.90981,16/05/2025,matutino,2,supra,2,2_supra,134,5
21.38999,88.90981,16/05/2025,matutino,2,supra,2,2_supra,135,3.7
21.38999,88.90981,16/05/2025,matutino,2,supra,2,2_supra,136,4.2
21.38999,88.90981,16/05/2025,matutino,2,supra,2,2_supra,137,3.5
21.38999,88.90981,16/05/2025,matutino,2,supra,2,2_supra,138,2.5
21.38999,88.90981,16/05/2025,matutino,2,supra,2,2_supra,139,1.4
21.38999,88.90981,16/05/2025,matutino,2,supra,2,2_supra,140,4.1
21.38999,88.90981,16/05/2025,matutino,2,supra,2,2_supra,141,2.9
21.38999,88.90981,16/05/2025,matutino,2,supra,1,1_supra,1,1.5
21.38999,88.90981,16/05/2025,matutino,2,supra,1,1_supra,2,0.8
21.38999,88.90981,16/05/2025,matutino,2,supra,1,1_supra,3,0.9
21.38999,88.90981,16/05/2025,matutino,2,supra,1,1_supra,4,0.9
21.38999,88.90981,16/05/2025,matutino,2,supra,1,1_supra,5,6.8
21.38999,88.90981,16/05/2025,matutino,2,supra,1,1_supra,6,4.5
21.38999,88.90981,16/05/2025,matutino,2,supra,1,1_supra,7,10.3
21.38999,88.90981,16/05/2025,matutino,2,supra,1,1_supra,8,1
21.38999,88.90981,16/05/2025,matutino,2,supra,1,1_supra,9,1.5
21.38999,88.90981,16/05/2025,matutino,2,supra,1,1_supra,10,3.5
21.38999,88.90981,16/05/2025,matutino,2,supra,1,1_supra,11,7.4
21.38999,88.90981,16/05/2025,matutino,2,supra,1,1_supra,12,10.9
21.38999,88.90981,16/05/2025,matutino,2,supra,1,1_supra,13,10.5
21.38999,88.90981,16/05/2025,matutino,2,supra,1,1_supra,14,15
21.38999,88.90981,16/05/2025,matutino,2,supra,1,1_supra,15,9.9
21.38999,88.90981,16/05/2025,matutino,2,supra,1,1_supra,16,1.7
21.38999,88.90981,16/05/2025,matutino,2,supra,1,1_supra,17,1.2
21.38999,88.90981,16/05/2025,matutino,2,supra,1,1_supra,18,6.3
21.38999,88.90981,16/05/2025,matutino,2,supra,1,1_supra,19,4.5
21.38999,88.90981,16/05/2025,matutino,2,supra,1,1_supra,20,6.5
21.38999,88.90981,16/05/2025,matutino,2,supra,1,1_supra,21,9.7
21.38999,88.90981,16/05/2025,matutino,2,supra,1,1_supra,22,7.1
21.38999,88.90981,16/05/2025,matutino,2,supra,1,1_supra,23,2
21.38999,88.90981,16/05/2025,matutino,2,supra,1,1_supra,24,0.8
21.38999,88.90981,16/05/2025,matutino,2,supra,1,1_supra,25,0.9
21.38999,88.90981,16/05/2025,matutino,2,supra,1,1_supra,26,6.7
21.38999,88.90981,16/05/2025,matutino,2,supra,1,1_supra,27,2.1
21.38999,88.90981,16/05/2025,matutino,2,supra,1,1_supra,28,8.8
21.38999,88.90981,16/05/2025,matutino,2,supra,1,1_supra,29,1
21.38999,88.90981,16/05/2025,matutino,2,supra,1,1_supra,30,0.7
21.38999,88.90981,16/05/2025,matutino,2,supra,1,1_supra,31,1.6
21.38999,88.90981,16/05/2025,matutino,2,supra,1,1_supra,32,3.8
21.38999,88.90981,16/05/2025,matutino,2,supra,1,1_supra,33,1.6
21.38999,88.90981,16/05/2025,matutino,2,supra,1,1_supra,34,4.6
21.38999,88.90981,16/05/2025,matutino,2,supra,1,1_supra,35,5.8
21.38999,88.90981,16/05/2025,matutino,2,supra,1,1_supra,36,1.6
21.38999,88.90981,16/05/2025,matutino,2,supra,1,1_supra,37,8.8
21.38999,88.90981,16/05/2025,matutino,2,supra,1,1_supra,38,2.4
21.38999,88.90981,16/05/2025,matutino,2,supra,1,1_supra,39,10.9
21.38999,88.90981,16/05/2025,matutino,2,supra,1,1_supra,40,5.1
21.38999,88.90981,16/05/2025,matutino,2,supra,1,1_supra,41,4.2
21.38999,88.90981,16/05/2025,matutino,2,supra,1,1_supra,42,3
21.38999,88.90981,16/05/2025,matutino,2,supra,1,1_supra,43,6.5
21.38999,88.90981,16/05/2025,matutino,2,supra,1,1_supra,44,3.3
21.38999,88.90981,16/05/2025,matutino,2,supra,1,1_supra,45,1.8
21.38999,88.90981,16/05/2025,matutino,2,supra,1,1_supra,46,9.8
21.38999,88.90981,16/05/2025,matutino,2,supra,1,1_supra,47,1.1
21.38999,88.90981,16/05/2025,matutino,2,supra,1,1_supra,48,8.1
21.38999,88.90981,16/05/2025,matutino,2,supra,1,1_supra,49,7.2
21.38999,88.90981,16/05/2025,matutino,2,supra,1,1_supra,50,8.1
21.38999,88.90981,16/05/2025,matutino,2,supra,1,1_supra,51,6.7
21.38999,88.90981,16/05/2025,matutino,2,supra,1,1_supra,52,3.3
21.38999,88.90981,16/05/2025,matutino,2,supra,1,1_supra,53,0.2
21.38999,88.90981,16/05/2025,matutino,2,supra,1,1_supra,54,7.6
21.38999,88.90981,16/05/2025,matutino,2,supra,1,1_supra,55,3
21.38999,88.90981,16/05/2025,matutino,2,supra,1,1_supra,56,3.1
21.38999,88.90981,16/05/2025,matutino,2,supra,1,1_supra,57,2.6
21.38999,88.90981,16/05/2025,matutino,2,supra,1,1_supra,58,1
21.38999,88.90981,16/05/2025,matutino,2,supra,1,1_supra,59,6.6
21.38999,88.90981,16/05/2025,matutino,2,supra,1,1_supra,60,1.8
21.38999,88.90981,16/05/2025,matutino,2,supra,1,1_supra,61,5.5
21.38999,88.90981,16/05/2025,matutino,2,supra,1,1_supra,62,1.7
21.38999,88.90981,16/05/2025,matutino,2,supra,1,1_supra,63,2.5
21.38999,88.90981,16/05/2025,matutino,2,supra,1,1_supra,64,3.8
21.38999,88.90981,16/05/2025,matutino,2,inter,1,inter,1,3
21.38999,88.90981,16/05/2025,matutino,2,inter,1,inter,2,2.4
21.38999,88.90981,16/05/2025,matutino,2,inter,1,inter,3,4.8
21.38999,88.90981,16/05/2025,matutino,2,inter,1,inter,4,2.5
21.38999,88.90981,16/05/2025,matutino,2,inter,1,inter,5,3.9
21.38999,88.90981,16/05/2025,matutino,2,inter,1,inter,6,6.8
21.38999,88.90981,16/05/2025,matutino,2,inter,1,inter,7,4.1
21.38999,88.90981,16/05/2025,matutino,2,inter,1,inter,8,4
21.38999,88.90981,16/05/2025,matutino,2,inter,1,inter,9,4
21.38999,88.90981,16/05/2025,matutino,2,inter,1,inter,10,3.5
21.38999,88.90981,16/05/2025,matutino,2,inter,1,inter,11,2.8
21.38999,88.90981,16/05/2025,matutino,2,inter,1,inter,12,4.2
21.38999,88.90981,16/05/2025,matutino,2,inter,1,inter,13,3.2
21.38999,88.90981,16/05/2025,matutino,2,inter,1,inter,14,1.2
21.38999,88.90981,16/05/2025,matutino,2,inter,1,inter,15,2
21.38999,88.90981,16/05/2025,matutino,2,inter,1,inter,16,0.5
21.38999,88.90981,16/05/2025,matutino,2,inter,1,inter,17,2.3
21.38999,88.90981,16/05/2025,matutino,2,inter,1,inter,18,2.4
21.38999,88.90981,16/05/2025,matutino,2,inter,1,inter,19,2.2
21.38999,88.90981,16/05/2025,matutino,2,inter,1,inter,20,3.1
21.38999,88.90981,16/05/2025,matutino,2,inter,1,inter,21,1.5
21.38999,88.90981,16/05/2025,matutino,2,inter,1,inter,22,0.7
21.38999,88.90981,16/05/2025,matutino,2,sub,1,1_sub,0,0
21.38999,88.90981,16/05/2025,matutino,2,sub,2,2_sub,1,4
21.38999,88.90981,16/05/2025,matutino,2,sub,2,2_sub,2,2.4
21.38999,88.90981,16/05/2025,matutino,2,sub,2,2_sub,3,0.5
21.38999,88.90981,16/05/2025,matutino,2,sub,2,2_sub,4,4.3
21.38999,88.90981,16/05/2025,matutino,2,sub,3,3_sub,1,1.5
21.38999,88.90981,16/05/2025,matutino,2,sub,3,3_sub,2,1.5
21.38999,88.90981,16/05/2025,matutino,2,sub,3,3_sub,3,1
21.38999,88.90981,16/05/2025,matutino,2,sub,3,3_sub,4,1.8
21.38999,88.90981,16/05/2025,matutino,2,sub,4,4_sub,1,2
21.38999,88.90981,16/05/2025,matutino,2,sub,4,4_sub,2,4